Unnamed: 0,MSIScore,Ploidy,LoHFraction,WGD,CIN,Aneuploidy
PR-7bX1tr,2.48,2.53510328062808,0.221134622568779,0.0,0.558662683131502,28.0
PR-dugN3L,66.49,2.14794446417602,0.0616815500528704,0.0,0.215905514507665,6.0
PR-Gutdfk,1.66,2.25655115555158,0.0110436608945607,0.0,0.222472442108768,9.0
PR-meswUv,4.76,2.52341706326395,0.205977260959235,0.0,0.352182577740658,33.0
PR-sX8XAW,2.49,2.08879456905962,0.0737484269152537,0.0,0.215783016038533,6.0
PR-YNAqeW,2.21,2.05304628841582,0.0104021816241977,0.0,0.0713914912304369,2.0
PR-2tnlh5,2.15,2.313866915953,0.0216371971647654,0.0,0.0617477138695421,1.0
PR-yQJScO,2.33,2.70269104038885,0.0347067611848414,0.0,0.456529980388166,18.0
PR-D8ybEK,1.76,2.25779137169978,0.0093198666984649,0.0,0.0175566706334687,0.0
PR-BVJyOj,2.08,2.17943486578167,0.242463466942001,0.0,0.399640126696893,10.0
PR-R1zayg,0.8,1.90307065915482,0.474598175976167,0.0,0.598909746053575,14.0
PR-pzvZFc,2.72,2.18145714348737,0.0242537357464543,0.0,0.126913324055698,2.0
PR-oOIkJ2,2.0,2.37806305386851,0.175281723556808,0.0,0.502733830803149,14.0
PR-240v4w,2.07,2.04758822960288,0.0017710476701656,0.0,0.0538216344905667,1.0
PR-qJdgaX,2.14,2.09811504940349,0.0192383071452373,0.0,0.108936692027689,6.0
PR-urWkad,1.4,2.51067663905147,0.233458259625705,0.0,0.633665808292152,29.0
PR-YkFyBd,2.27,2.3276312964609,0.105114568104579,0.0,0.248935562865297,5.0
PR-9KlLER,4.77,2.0310492463766,0.0851899672409663,0.0,0.12728809841754,4.0
PR-FNo80s,3.15,2.34962365493548,0.0641474683424678,0.0,0.166507520167223,4.0
PR-4VyVNa,2.36,2.28270273372808,0.0887815542756917,0.0,0.152728044343144,5.0
PR-JEv1oA,3.2,2.10483492083166,0.0147636158250605,0.0,0.0188783901625431,0.0
PR-3fpunT,1.47,2.04941079313101,0.0823902535861586,0.0,0.126737771783096,2.0
PR-BSfH86,2.66,1.9499166787914,0.293003396333374,0.0,0.417865197275658,10.0
PR-7CTAVs,2.06,2.09643861491348,0.0221703108394715,0.0,0.026690450700207,0.0
PR-0H05VY,2.36,2.02662085099226,0.0028900325605014,0.0,0.0309510232144463,1.0
PR-Y2Q9WR,2.0,2.6957748224918,0.0909567741802513,0.0,0.49305777225199,22.0
PR-VPHL4s,2.0,2.01583320790759,0.112776763251901,0.0,0.20848528516281,8.0
PR-5bw8Sw,2.29,2.1064819243758,0.0223639652248165,0.0,0.0279740219543262,0.0
PR-Cc6WwT,1.88,2.04751770586786,0.0056671625033116,0.0,0.0118031536733753,0.0
PR-Gtgm4G,4.02,2.16571745583424,0.0733774295806316,0.0,0.21159633775923,8.0
PR-maqskN,1.04,1.98975657677419,0.365949324454781,0.0,0.4263996599322,9.0
PR-V0CO22,2.05,1.94784668173965,0.0874343745485852,0.0,0.131417909148872,7.0
PR-MdYnGF,3.07,2.2650779555862,0.117813092492862,0.0,0.156822134851494,5.0
PR-tbjuMc,40.89,2.10869557541688,0.0621005732836071,0.0,0.152164866906412,5.0
PR-Y6KPlY,59.91,2.11291927523018,0.0589784617679525,0.0,0.0995235602979148,1.0
PR-u1G9JO,2.39,2.11399081120769,0.157635322527253,0.0,0.241969838329709,9.0
PR-Y4M65x,3.06,2.52422936571437,0.0875410880773226,0.0,0.510941490223289,24.0
PR-waV5HO,2.22,2.18972516640639,0.0636688461045357,0.0,0.266242570317815,10.0
PR-RNtGZ6,2.59,2.24607216316297,0.0959357158946376,0.0,0.151940546386504,4.0
PR-tEpLCL,2.11,2.0227511928191,0.0029265243873385,0.0,0.0300173299845324,1.0
PR-GoN0Kn,1.79,2.13976576264111,0.0620847135191337,0.0,0.107766600220155,3.0
PR-Oa5yYx,30.31,2.03004017026182,0.014457666871237,0.0,0.0491902858098935,1.0
PR-wcXD7g,2.75,2.11218423180187,0.0084312371660811,0.0,0.0129294136916681,0.0
PR-lt3s9Y,1.91,2.2516939995515,0.0942938397266632,0.0,0.218490904908601,6.0
PR-IDBCK9,2.23,2.00114495628781,0.0,0.0,0.0003684748205527,0.0
PR-K3zX9w,1.97,2.16077260172904,0.239999437954322,0.0,0.411330136187871,9.0
PR-gkmgBd,2.78,2.54895772814296,0.153070869198109,0.0,0.522117105957436,27.0
PR-Yf6hXD,2.02,2.14610124513113,0.0094600304190802,0.0,0.0514899488794708,1.0
PR-zy5agd,2.55,2.18608557091475,0.0382234476432423,0.0,0.226645072680991,11.0
PR-JaOGpt,2.45,2.07482081954456,0.0874746516157299,0.0,0.144275780386188,6.0
PR-iXWzlb,2.22,1.95868974271795,0.270290129780818,0.0,0.342442202118128,12.0
PR-uSMhrI,2.57,2.16179552989392,0.0937467895101428,0.0,0.172357719280457,2.0
PR-ty3Lml,2.56,2.12154379043397,0.0096819556238737,0.0,0.0161459889834439,0.0
PR-pnv2Q0,2.28,2.06329343239231,0.132396133163975,0.0,0.277410109682943,9.0
PR-oBE1tw,2.18,2.25002607224826,0.0229683266403135,0.0,0.20608763194412,6.0
PR-72Va7n,54.51,1.96811426948103,0.0736592868224331,0.0,0.105701678944294,2.0
PR-mqIBwn,2.13,2.06667600348288,0.0532517776635668,0.0,0.0586229537808187,1.0
PR-YJBstR,2.05,2.35714439019927,0.075735661422011,0.0,0.297226477878282,12.0
PR-8HSgmJ,24.26,2.17487521112355,0.0395293281996886,0.0,0.140089173494797,4.0
PR-6pJTKH,2.75,2.12526459294349,0.0454866939479962,0.0,0.102316931673058,4.0
PR-ODzNZa,6.57,2.24926672717938,0.182990774204078,0.0,0.296554437581981,3.0
PR-zrjzDr,3.04,2.17641227397993,0.13982119148467,0.0,0.265755712641435,7.0
PR-AAAPDO,3.61,2.0553950822305,0.0625585827210812,0.0,0.116893945543372,1.0
PR-JyiOtL,2.39,2.20343893240027,0.129334206380234,0.0,0.330119577801104,11.0
PR-V5ECBf,1.66,2.117887821408,0.0259319241079364,0.0,0.0315659707263022,0.0
PR-711hbz,2.24,2.16715269689019,0.181544413276791,0.0,0.276740324377258,6.0
PR-kmc4Ev,2.04,2.12297484904552,0.0025856212550272,0.0,0.124187484333629,4.0
PR-3HObZr,1.85,2.3418770979789,0.0936323040293804,0.0,0.305381133679798,9.0
PR-FnbgWC,1.8,2.22533800175425,0.0277074928176218,0.0,0.0887791088353599,2.0
PR-nSOT6p,2.69,2.09078242470777,0.179004919968263,0.0,0.272129654327155,7.0
PR-MjJjJT,2.36,2.05460071204095,0.0617762107930783,0.0,0.112481604793776,2.0
PR-2guO1R,2.99,2.30273791270726,0.133516395478256,0.0,0.372342494264311,11.0
PR-kGWDgS,2.23,2.2400170841631,0.0220628044114377,0.0,0.0294735701104378,0.0
PR-Q4CsMv,2.27,2.31531407351201,0.210743738778158,0.0,0.465311447837075,9.0
PR-IW3DXn,2.74,2.24557839351507,0.191883553988306,0.0,0.351171742490757,9.0
PR-KWpKHv,2.13,1.92409233939501,0.290355087195395,0.0,0.414966736287186,10.0
PR-txDXl3,1.13,2.01162107453952,0.458449799555437,0.0,0.603999244133089,13.0
PR-LnyWEs,2.83,2.09818947289987,0.0200016588496805,0.0,0.0348613792914577,0.0
PR-zfFP2G,2.03,2.1621445768863,0.0946751693285426,0.0,0.263140708957039,8.0
PR-lLEXIT,1.64,1.97714092158974,0.111522453082467,0.0,0.145848045464133,3.0
PR-EFsHrO,2.32,2.28339304049803,0.0168026311704312,0.0,0.0247415059923816,0.0
PR-Opwkfg,2.45,2.07575495294193,0.0654660361987391,0.0,0.174171867162398,6.0
PR-sHNnEP,2.28,2.59980774616687,0.0107700996249382,0.0,0.155641091520249,37.0
PR-trzETS,2.49,2.11473069515491,0.0090745444082947,0.0,0.0669271914313988,4.0
PR-aX3Sfy,2.01,2.34423882586817,0.0842750226515509,0.0,0.235836306825851,7.0
PR-u33CrR,2.24,2.12425175462301,0.0506658951529214,0.0,0.192445111936345,6.0
PR-blZ2pd,1.92,2.15429714105803,0.0960048140581248,0.0,0.20672413761429,7.0
PR-1Zkz62,2.41,1.67283594295168,0.657152282538068,0.0,0.491600206864466,21.0
PR-G5CRjD,2.72,2.07598203420721,0.0572124170951782,0.0,0.0864493046820445,3.0
PR-NEWHLd,2.09,2.2829892342256,0.009795875050363,0.0,0.0140650489918936,0.0
PR-f99RFb,3.26,2.05362891735566,0.0936088618926251,0.0,0.214436360045111,4.0
PR-Mupa85,2.07,2.21341270390225,0.360851052405081,0.0,0.479558710226796,8.0
PR-qLmgDV,1.99,2.32516949646236,0.100214703139849,0.0,0.381756946034264,14.0
PR-j4aaE8,2.1,2.28346581785673,0.0066684282906591,0.0,0.0245178309879284,0.0
PR-mCq0mE,44.77,2.02842282965846,0.0422018491824485,0.0,0.103845561255571,3.0
PR-RFKHCv,2.25,1.8993370507886,0.181853409078515,0.0,0.278250054031714,12.0
PR-aprFtM,2.74,1.89617165920016,0.222431493265197,0.0,0.333286248696315,6.0
PR-wm23sm,1.85,2.22607283955206,0.138465840683823,0.0,0.346979901748053,10.0
PR-iVaYeh,2.48,2.08208761019191,0.0105865861612946,0.0,0.0145570852431801,0.0
PR-kxQdo2,2.16,2.01372775809518,0.0905978028096389,0.0,0.201708091620238,6.0
PR-WO3P3h,2.98,2.21019991784129,0.204482455146286,0.0,0.359120808113819,7.0
PR-wJ7MxM,1.93,2.04602207174713,0.210462138891062,0.0,0.386427111575671,7.0
PR-h2XOKt,2.27,2.1422335194223,0.092605418384294,0.0,0.21291181835464,6.0
PR-SM1VOk,3.67,2.11813244718701,0.0078612608494888,0.0,0.0125795640543139,0.0
PR-G6U4ng,2.07,2.27834393164539,0.134004440188467,0.0,0.190331655251278,8.0
PR-q7gHJz,2.42,2.23150387521503,0.0225564330455245,0.0,0.0292307155725092,0.0
PR-XZ0NkH,2.17,2.22811645475736,0.183955312974933,0.0,0.239013998066087,2.0
PR-W6TbGf,2.07,2.08661501783121,0.0374452352357124,0.0,0.042909444417111,2.0
PR-C7LnAs,1.91,2.48908235442171,0.165512599901911,0.0,0.408069014255883,11.0
PR-uKiczK,2.16,2.06403750808202,0.0278217755182252,0.0,0.0995714685694647,2.0
PR-EsfoqB,2.39,2.16683642755575,0.231222109469949,0.0,0.307826698734222,5.0
PR-5MNsLN,2.61,2.00210079699906,0.0156656923639218,0.0,0.0161451334878784,0.0
PR-KJHVYR,2.28,2.0878745206805,0.0046856008204785,0.0,0.0077129804041027,0.0
PR-7aZuj8,1.84,2.36182801106822,0.0104676996957836,0.0,0.0918685773886056,3.0
PR-p0FcrJ,2.35,2.16551301518878,0.122667379707846,0.0,0.284165920524879,9.0
PR-ylCfEa,2.23,2.13556558307299,0.0645030025846253,0.0,0.120910100324219,2.0
PR-C79Gem,2.21,2.03164072894057,0.0755338124505942,0.0,0.16622587829631,7.0
PR-VY6lxi,4.06,1.99657767175492,0.0101376267436929,0.0,0.0105832889779002,0.0
PR-Jt5ZBG,1.39,2.04730990574955,0.0253560969971178,0.0,0.078110574894364,2.0
PR-ey4Yyh,2.63,1.9546902553098,0.309215720666673,0.0,0.346649982484862,12.0
PR-lipqdd,2.96,2.14348593235729,0.0789646487593614,0.0,0.238401776990292,6.0
PR-x05CZT,3.16,2.14978769703587,0.0681363122208623,0.0,0.203418868664807,5.0
PR-LYWGog,57.52,2.03492502162099,0.13365080505917,0.0,0.190066886230627,2.0
PR-xqcEF4,3.51,2.00037898607012,0.246489940185673,0.0,0.339804039786907,12.0
PR-RBSHwN,3.34,2.19352869324847,0.130522077454387,0.0,0.357662956081779,10.0
PR-2ae0kb,2.37,2.34698902266846,0.165433212017549,0.0,0.373891747228803,14.0
PR-Qswcpe,1.91,2.07782369759152,0.0210351676853283,0.0,0.0479016559897994,2.0
PR-gOgH6x,1.67,2.25613928376954,0.0242040942554652,0.0,0.0304024300187153,0.0
PR-zRvFdj,2.7,2.06533192754466,0.113510402547754,0.0,0.201754147019134,6.0
PR-MwPyG0,2.7,2.32518576859913,0.109193613505497,0.0,0.198594916388106,1.0
PR-bFagWx,2.15,2.19535685921807,0.101144303577312,0.0,0.301816142613047,11.0
PR-VGraRK,1.95,2.00065026042864,0.0,0.0,0.0005613659061326,0.0
PR-ig2DWN,80.32,2.10749508268858,0.0406859542006374,0.0,0.0478922551297939,0.0
PR-tKIRoD,2.95,2.18372313429043,0.0259393970738746,0.0,0.18196387556263,5.0
PR-ZYtjVT,1.49,1.94023808083725,0.412103507273777,0.0,0.520909761379164,14.0
PR-f2NT4P,88.39,2.14843289998504,0.0086944118741796,0.0,0.0207278535036539,0.0
PR-4jA3sP,65.0,2.00078229816706,0.001237099406136,0.0,0.0031346558740551,0.0
PR-aP2PPs,2.35,2.15821820132179,0.0281967844509182,0.0,0.0756601864701223,2.0
PR-2f2JlB,2.22,2.00821081152508,0.0217401319227045,0.0,0.0269044453234883,0.0
PR-DEEPBR,3.12,1.83190969492467,0.342430836482156,0.0,0.417845485243938,14.0
PR-LnJyrQ,2.3,2.03125187050504,0.104412122586955,0.0,0.296571597002276,11.0
PR-L3FIui,3.1,2.10073877607998,0.0571288886598939,0.0,0.0949374752549445,2.0
PR-BBR01Z,4.34,2.18696548255432,0.14751588789345,0.0,0.228439601696419,1.0
PR-0wkCvS,2.03,2.30193471968071,0.248275062810181,0.0,0.544092367997029,31.0
PR-E8ir6x,2.62,1.925698108831,0.0949444114454489,0.0,0.145524892776732,5.0
PR-WKTDpU,2.97,2.00404366306318,0.068305876518174,0.0,0.140657573939646,7.0
PR-qfOEgU,82.27,2.08840622631686,0.0130992983645924,0.0,0.019721319086289,0.0
PR-LBnrNX,81.65,2.11981205525297,0.010586814588013,0.0,0.0157955610261442,0.0
PR-V5gLbW,2.97,2.12015834343469,0.0893608118283276,0.0,0.176013837127443,6.0
PR-g5QF67,1.68,2.19581300224967,0.0100864319796433,0.0,0.0988730210374257,3.0
PR-XVtuiY,2.51,2.04364472839038,0.0329920619539237,0.0,0.100237912291079,4.0
PR-84shel,1.87,2.18578350571514,0.129832069873412,0.0,0.262884072752915,6.0
PR-WKuuI6,64.18,2.11797612171895,0.0465711716563944,0.0,0.06113206723497,1.0
PR-LZHDZW,3.97,2.22051007369232,0.0491614063460785,0.0,0.167041105492776,3.0
PR-uxMCaY,1.43,2.00075972138123,0.0002510925743148,0.0,0.0011167424373056,0.0
PR-pIrp51,1.8,2.32099038508597,0.25454139495797,0.0,0.422103747825952,8.0
PR-qxp9RO,2.01,2.10344828316753,0.0088481165675147,0.0,0.0144511272906036,0.0
PR-BqUhod,2.02,1.97857185737744,0.101839545252551,0.0,0.168125019450351,6.0
PR-S7lkMC,2.51,2.01897414136835,0.158654980215182,0.0,0.329386743062717,8.0
PR-jonoJG,2.55,2.09100439999903,0.0675668408283273,0.0,0.198200704525997,8.0
PR-P70lSh,1.85,2.03601155600008,0.112536289797184,0.0,0.17277346833848,9.0
PR-a0MJ1U,2.03,2.18511664084725,0.0532733223038388,0.0,0.130361209950859,4.0
PR-w3ptEE,13.59,2.06297005991859,0.0396432335924126,0.0,0.0495182960797265,0.0
PR-tN3aBR,2.57,2.15967524986773,0.0159625918126991,0.0,0.190269574647201,6.0
PR-0kBhJF,1.65,1.99710387141242,0.0018718050351318,0.0,0.0020327816181122,0.0
PR-PfPZdy,2.58,2.21465803763157,0.0102534297028727,0.0,0.0956565090835877,4.0
PR-hfq8Sa,2.8,2.222989532982,0.0188701412917483,0.0,0.244820072189148,10.0
PR-QIpKET,2.4,2.10436669382491,0.0175609791454443,0.0,0.021580010864251,0.0
PR-KktycR,1.57,1.99872074340514,0.0144263102395637,0.0,0.0146544968319905,0.0
PR-RDbb1o,4.71,2.001553760496,9.55882348515629e-05,0.0,0.0009802090716037,0.0
PR-aF1MTe,1.98,2.47520277196332,0.124581977266415,0.0,0.516953529276318,17.0
PR-pYHfy7,1.21,1.99819997173456,0.0139547473860718,0.0,0.0139679435851263,0.0
PR-2UB6KF,2.56,2.6485870434964,0.0796896964163876,0.0,0.238686839548818,32.0
PR-Rgexy9,2.47,2.17788180261678,0.0811848030545542,0.0,0.245592430074804,6.0
PR-i3038K,2.09,1.96247617274707,0.0911164290052369,0.0,0.207568819429108,9.0
PR-CbuOaH,3.0,2.10547067778311,0.0958005791609445,0.0,0.229103893153677,7.0
PR-gxuPCo,2.32,2.03424529596828,0.0337711949000221,0.0,0.0882376867386589,2.0
PR-60ceNo,2.68,2.21082696753582,0.0506876186961454,0.0,0.163666170049978,5.0
PR-EtBUC0,2.56,1.93328584653629,0.254321872129115,0.0,0.312779960936542,9.0
PR-3PJVFB,3.9,2.11517993829977,0.147085157380854,0.0,0.246068180316891,6.0
PR-I4hDk0,2.8,1.96523116018761,0.141259330287549,0.0,0.173997818636372,4.0
PR-rAi6i6,2.35,1.99944557079728,0.0136508149684892,0.0,0.0140095374091088,0.0
PR-MFYhaf,61.83,1.97199359864931,0.0349102439062755,0.0,0.035851204562944,0.0
PR-iLYNrK,2.08,2.15992525014922,0.0882567937272352,0.0,0.259586963424253,11.0
PR-6BgR9L,2.3,2.16667641394797,0.245877265958632,0.0,0.293985350517117,2.0
PR-x5QGJg,1.2,2.3252060996776702,0.0043500986050904,0.0,0.229657966899637,7.0
PR-WqHj2s,3.61,2.00130663182774,0.0132114947576384,0.0,0.014079534062211,0.0
PR-NVbKhU,1.95,2.02976829262728,0.221033453551828,0.0,0.441852638127948,13.0
PR-GSwHU2,1.23,1.7884221269689,0.17043657712918,0.0,0.358468950693595,10.0
PR-QnZ5wx,1.02,2.00091519969383,0.000104944792031,0.0,0.0008379238792,0.0
PR-Kaer3I,0.91,2.22278881882011,0.140964612197596,0.0,0.372644657968031,9.0
PR-pAeJPE,0.37,2.0145929603972803,0.0915725579959546,0.0,0.169944973429483,4.0
PR-IwcVXa,2.04,2.1189132157512,0.143388725030245,0.0,0.263101450093143,5.0
PR-4ZNNdI,1.94,2.13453834592282,0.152652160585698,0.0,0.291991190245972,8.0
PR-9UlYsF,49.94,1.9946854920017496,0.0520206280964451,0.0,0.0924703040066711,3.0
PR-x8Nct7,2.46,1.9087512649206697,0.266415950244555,0.0,0.394732670725755,13.0
PR-IepkNe,82.79,2.0495646891287698,0.0455085698232017,0.0,0.0891223553757953,2.0
PR-xbYmRS,4.08,2.28070962869888,0.0420309220648635,0.0,0.291637715022366,8.0
PR-hN4fOZ,0.68,2.3082727785984902,0.260932128663166,0.0,0.445211795661474,8.0
PR-HTlWWb,1.15,1.85492940248424,0.288781468117989,0.0,0.420079455598636,9.0
PR-7bETuY,5.73,2.19359141578553,0.194096293796683,0.0,0.358507928749557,7.0
PR-vBFXO4,1.03,2.08916213224859,0.132903729670832,0.0,0.259582797763693,5.0
PR-CgIjIP,0.74,2.0379627832648,0.0025900342645779,0.0,0.0279737167379301,0.0
PR-TAqZxy,2.02,2.12687612638554,0.325244369836905,0.0,0.569263120718517,13.0
PR-ZrRaCI,84.22,2.24635682186057,0.0461512707905801,0.0,0.240027939153688,7.0
PR-kYV614,4.79,2.61794854860584,0.169192261661491,0.0,0.649927494902579,25.0
PR-YhKASl,1.54,2.32006386978669,0.132935968799062,0.0,0.324021514002358,7.0
PR-jtAaQ5,72.12,2.08080086126144,0.0030088261359245,0.0,0.0700454965219471,2.0
PR-6jnXO1,2.42,2.03367202348945,0.0557696473318693,0.0,0.105136491402318,3.0
PR-uC8ruN,1.4,2.01760727946608,0.0857446962117986,0.0,0.239079419917484,8.0
PR-sTrH6K,2.27,2.11044813018233,0.140825442626251,0.0,0.279820064071985,9.0
PR-3Qh8qx,0.79,2.02975907127862,0.0052563565529898,0.0,0.0224333558432089,0.0
PR-NgWPx6,0.93,1.97919206110348,0.129836807489704,0.0,0.229161895367945,7.0
PR-kgYJ5d,30.79,2.09979544863918,0.0482795199772241,0.0,0.144029819949373,3.0
PR-3MR99B,2.5,2.15192633777704,0.089177116282211,0.0,0.23344117846216,6.0
PR-5vQHpI,3.73,2.0145750862637,0.087899931379599,0.0,0.155481055221115,4.0
PR-YWsnzi,1.59,2.00010532396877,0.0002274249271604,0.0,0.0003324817750817,0.0
PR-jvsZI3,0.51,1.92042653423358,0.2085844967732,0.0,0.321849603982994,9.0
PR-N61LpQ,3.92,2.48826485538353,0.152325697300722,0.0,0.53429820335289,14.0
PR-JjObZD,1.56,1.9830620884653,0.0413150475278505,0.0,0.0652720958073532,3.0
PR-y1k7Ve,4.51,2.1024982333027,0.0134568394851672,0.0,0.116053893776391,4.0
PR-qc2Wdd,0.97,2.04156698740297,0.0013273049695599,0.0,0.026652047403744,0.0
PR-kcqeyj,4.42,2.00019916031172,1.67005754281615e-05,0.0,0.0002471982320533,0.0
PR-3f91xT,1.0,1.83931050441006,0.259494840895134,0.0,0.355926770866826,14.0
PR-l1KgW6,1.71,2.15608994819354,0.0371587540065984,0.0,0.178877921051569,6.0
PR-sZnySk,0.48,2.03983743161457,0.0041853782243498,0.0,0.0267167032768725,0.0
PR-qw2Sxc,0.77,2.09522397339488,0.0985156658168619,0.0,0.187627641312832,4.0
PR-FVUD09,1.46,2.0333244203859,0.0045402956072985,0.0,0.0230984324510605,0.0
PR-blDO6C,1.18,2.16275337270497,0.0457237055470033,0.0,0.12553616432745,3.0
PR-9kNZUy,31.67,1.95089786363104,0.0318464984777405,0.0,0.0526776536205766,2.0
PR-hkuteC,1.59,2.00036307496475,3.38475050124892e-06,0.0,0.0003822632277777,0.0
PR-amOb4F,1.39,2.4746519300199603,0.0890570740690136,0.0,0.430058246884313,13.0
PR-uERIsp,3.3,2.0177494530613704,0.0369895685382224,0.0,0.0772709489480497,2.0
PR-ttXMT7,3.06,2.25210006233855,0.0345325696888412,0.0,0.180311267740313,6.0
PR-I7HUTM,0.6,2.07816440917412,0.225152239209567,0.0,0.370060980736474,5.0
PR-mCDWfb,1.79,2.12225220513962,0.009640671659513,0.0,0.138007861798031,6.0
PR-tp1aPG,1.95,2.22805489590834,0.21168829942127,0.0,0.37056329309598,8.0
PR-dRHrfr,82.09,2.0313074219206,0.0030265102484612,0.0,0.0242483751927006,0.0
PR-WZHiO9,1.53,2.00039521757927,0.0,0.0,0.0004315552921815,0.0
PR-04VvBz,5.31,1.99889510083629,0.0134709560006091,0.0,0.0135110154389889,0.0
PR-hhpPii,68.55,2.0543138506232803,0.038182140883743,0.0,0.176599761333238,6.0
PR-LV9jQc,1.55,2.23287166571785,0.0670498994084114,0.0,0.225026611167438,5.0
PR-GkWc1O,3.06,1.92651879345907,0.112771161801603,0.0,0.182955056985066,8.0
PR-jSRrFC,1.07,2.06275807798821,0.114349084307869,0.0,0.262446333230316,8.0
PR-8xr84R,89.04,1.99139383593854,0.0194851548964664,0.0,0.0194863550820139,0.0
PR-RPURmp,5.87,2.00075766875518,0.0020388108924486,0.0,0.004843533555166,0.0
PR-KPFNpX,1.08,2.11909489768673,0.0117931821025137,0.0,0.0999750082480513,2.0
PR-hXuoiL,1.64,2.04519829626167,0.0020542444660386,0.0,0.0313913118534703,0.0
PR-1fyy3l,1.55,2.04935389185316,0.0517457622398566,0.0,0.0807301030388464,0.0
PR-gEOXZ9,1.57,1.68044228414911,0.564619610139611,0.0,0.576195975791302,18.0
PR-mFjyo0,0.88,2.14989008817633,0.0162165742922451,0.0,0.154183925857883,4.0
PR-31jRAf,1.32,1.99999588791412,0.0048982968244626,0.0,0.0048983179911473,0.0
PR-r3HxM0,0.83,2.04153140383442,0.0186413994273218,0.0,0.0411102048797718,0.0
PR-gWKHTe,0.62,2.03970515635022,0.0891681582065692,0.0,0.139562790042291,3.0
PR-QHfi2e,0.82,2.26758088406127,0.0591719506980202,0.0,0.309369616574277,10.0
PR-EImm1L,1.84,2.05400485645024,0.0618335223899055,0.0,0.135506068580208,3.0
PR-cL2BVU,1.88,1.99986575839055,2.69538406555736e-05,0.0,2.69572214280592e-05,0.0
PR-41uIUA,2.46,2.26219009898483,0.0007100071771621,0.0,0.178206768630555,8.0
PR-pKoGYe,3.23,1.80447277100315,0.472218123722605,0.0,0.588808073651989,15.0
PR-qwNCQ4,1.41,2.2487733134904,0.0021980326612989,0.0,0.196188547119654,6.0
PR-T65sdf,2.11,2.0314052763989,0.0841749270940862,0.0,0.213345115992029,7.0
PR-OXY6i8,2.38,2.43863100911185,0.0952950009546237,0.0,0.449353409190043,13.0
PR-1P0pL3,1.31,2.14862867721626,0.0052589743481734,0.0,0.138222758337083,6.0
PR-zhXA7g,4.38,2.08292330775462,0.0626574782007418,0.0,0.204461959433899,6.0
PR-zGVgVP,3.4,2.0834294593878897,0.0001315522974833,0.0,0.0840127549165988,3.0
PR-HmmpcB,1.69,1.99987183251801,4.0527491184581e-05,0.0,4.05300968961368e-05,0.0
PR-axXePt,1.04,2.327843479503,0.0609958235300072,0.0,0.300546730284648,11.0
PR-4WLHmA,1.43,2.0574964198723102,0.337334223894079,0.0,0.420114263906887,11.0
PR-U2fdjq,83.72,2.03656925531946,0.0030838461928574,0.0,0.0251386037558541,0.0
PR-ZqouQc,3.66,2.14779868006962,0.351870310449429,0.0,0.600105591138585,13.0
PR-Bu7W7o,6.41,2.18477166463798,0.24308632216199,0.0,0.377453483029185,3.0
PR-WgZfuJ,1.4,2.10435030370523,0.340060587887623,0.0,0.457625080477296,8.0
PR-gNQqcU,1.29,2.07110036819723,0.0541029891233926,0.0,0.113410033344879,1.0
PR-BkYxbN,2.42,2.17415457941981,0.0370910060033778,0.0,0.228647834458298,6.0
PR-cZPORM,0.58,2.0449093614487,0.137629009166617,0.0,0.195040579772322,1.0
PR-EHFFMF,0.78,2.42013819321652,0.269564248091335,0.0,0.632646402279692,16.0
PR-T3ZngO,3.95,2.05170682477572,0.0741501880624802,0.0,0.18408622362823,5.0
PR-2vKf8J,1.18,2.42902981809927,0.243258590738648,0.0,0.581616059904119,12.0
PR-LWqJ8q,3.64,2.18538351142995,0.104846547396094,0.0,0.321560047345876,10.0
PR-i6J3tN,0.97,2.14353492137724,0.162129765446059,0.0,0.308987369481696,9.0
PR-tGnS2w,1.97,2.01716861378033,0.215960342146204,0.0,0.295470484620748,9.0
PR-Ozn9wx,1.53,2.0716159628445,0.0064968391020008,0.0,0.0643139236837751,1.0
PR-XiLnRf,1.06,2.07540344482423,0.101163065409676,0.0,0.182119977888792,5.0
PR-5IWcSG,2.1,2.31047410931374,0.242014780738092,0.0,0.557772609182671,13.0
PR-7mxijk,4.31,2.01581157292309,0.0029285317595109,0.0,0.0069814028899273,0.0
PR-S7cmQD,1.29,2.38713593215927,0.283359088849006,0.0,0.564678230406077,18.0
PR-ajQnpq,41.91,2.03454054736053,0.0007004339857349,0.0,0.0175733406745626,0.0
PR-g3kS9D,33.74,2.09115554711048,0.212286435484478,0.0,0.374772846685815,9.0
PR-poHcHD,1.61,2.0845104001228703,0.257869024635987,0.0,0.436128414364539,10.0
PR-ujFcgb,0.62,1.84208632398359,0.34581312488096,0.0,0.435924113262343,11.0
PR-Mwdycl,3.56,2.04245931353342,0.0984427893508565,0.0,0.250648086178059,10.0
PR-GZUMxm,29.69,2.16210435903909,0.107779454394486,0.0,0.228519526822472,7.0
PR-Oqe9zV,1.31,2.06048311118096,0.0085236861994238,0.0,0.0499628637385954,1.0
PR-2Rohed,39.7,2.09296078209089,0.0289206783882519,0.0,0.112756960508743,2.0
PR-aOg6Eh,4.39,1.9532001768401297,0.0518328079771846,0.0,0.0557409789817741,3.0
PR-e7tfAw,82.37,2.00367571512983,0.0004208756052506,0.0,0.0023702842637635,0.0
PR-kFAA0q,0.86,2.05565908669432,0.0032088839561133,0.0,0.0345590587221508,0.0
PR-ty9Iv8,2.3,1.94098751091494,0.0939511878305883,0.0,0.224735931921082,12.0
PR-97H3Ob,0.75,2.19989417585016,0.0875554518085175,0.0,0.209756824310736,4.0
PR-C99sfc,1.22,2.04411093589486,0.0024409478022304,0.0,0.03025822332246,0.0
PR-8Br5s3,1.35,2.04070950376848,0.0838327865587383,0.0,0.140603981655825,4.0
PR-WlmmpR,89.79,1.9807161595559,0.0449647122449976,0.0,0.0709254932792383,2.0
PR-BDblKP,0.74,2.27565350128823,0.13302964840244,0.0,0.431490903406459,11.0
PR-TvKzhh,1.28,1.99983052938372,0.0003040177785099,0.0,0.0003040330735531,0.0
PR-8pIIv9,1.56,2.00658140084202,0.0612309667112422,0.0,0.0831343486371512,2.0
PR-RJ1wxA,0.32,2.06809736146141,0.0054863099568397,0.0,0.0557276544843075,3.0
PR-XMhMtv,1.76,2.3343785388398,0.0675454598394258,0.0,0.291380239042601,7.0
PR-yZCCrM,1.41,1.99998580197061,3.46078358857662e-07,0.0,3.46506785700807e-07,0.0
PR-GZZYAm,16.12,2.01666227750916,0.0283627579310321,0.0,0.115213396723109,3.0
PR-FXTRkB,0.95,1.92490665361547,0.259639392019477,0.0,0.369071513011668,13.0
PR-L4JGxA,0.3,2.00351036721068,0.219746790302208,0.0,0.314292866813986,8.0
PR-EDZlOB,3.57,1.92943844629847,0.288383609372429,0.0,0.390863906804253,11.0
PR-6YTkOv,7.32,1.99906389760688,0.0134431031281434,0.0,0.0135152025071193,0.0
PR-Q919N6,1.56,2.03472314588081,0.006660517482879,0.0,0.028666107416814,0.0
PR-VHuCQ4,1.88,2.05712497253049,0.0407224605652898,0.0,0.123287971201219,4.0
PR-0fBntb,1.2,1.86081044132531,0.113261874340376,0.0,0.260037059979558,9.0
PR-wnGSlU,0.89,2.53045321626016,0.0776678210694549,0.0,0.455045097607472,25.0
PR-dygAPj,0.73,2.19781201033668,0.254825852476014,0.0,0.434273006639227,8.0
PR-uRHa2w,62.91,2.27668543859706,0.0654368642428725,0.0,0.23967498076205,9.0
PR-yQROox,3.24,2.00175465223506,0.0002551146668341,0.0,0.002108249072449,0.0
PR-C8Jq2o,81.92,2.0378791329397,0.0412761904244367,0.0,0.114212252068417,4.0
PR-7wqNkp,83.61,2.28541475456392,0.0163595921059471,0.0,0.235464956558848,7.0
PR-TYbIdm,0.99,2.04653367976661,0.0025134740777551,0.0,0.0313075272500286,0.0
PR-Z7l5n7,2.02,2.05641994826786,0.113190042108849,0.0,0.204494456967278,6.0
PR-KYx8aG,0.88,2.01550592676351,0.257624024561248,0.0,0.343538830130815,10.0
PR-wX1VpX,81.36,2.04837788318153,0.120064754109938,0.0,0.18567705013876,3.0
PR-mx9DIr,1.11,1.96886137807358,0.109017750994113,0.0,0.150743103010241,6.0
PR-pajigv,4.48,2.03118735393587,0.147908769831842,0.0,0.232349054284691,4.0
PR-tlmnnu,1.17,2.2270250945755,0.193820275405589,0.0,0.401990729496664,9.0
PR-FlRMNN,1.59,2.45702262803894,0.248632177303332,0.0,0.578760750775023,19.0
PR-b0MYqi,0.57,1.9090057625312,0.244250961602086,0.0,0.295767043456106,8.0
PR-Q4XyLs,1.25,2.16921218344652,0.308461785984332,0.0,0.501159801445373,10.0
PR-D6qdG3,3.85,1.9210060049588504,0.0731277200233732,0.0,0.136804015133857,5.0
PR-MQO7wZ,1.5,1.99942224890859,0.0002492081145628,0.0,0.0002942843416281,0.0
PR-Xf3ckY,2.94,2.03014758587621,0.111409980205272,0.0,0.226114386261479,4.0
PR-WUu6zZ,65.78,1.99860642829294,0.0422882217626136,0.0,0.055971193936556,0.0
PR-ftXSpi,3.86,2.16583989643659,0.0003684890056579,0.0,0.166157335471189,7.0
PR-5rISRc,1.27,2.05966413874506,0.0810615186652163,0.0,0.190794888208945,8.0
PR-FJS1XC,6.09,2.12883926551247,0.0384206946872938,0.0,0.189631772815975,9.0
PR-CiXXaA,0.84,1.99992062886233,3.38441896060557e-05,0.0,3.38452613486623e-05,0.0
PR-4l7y7C,0.91,2.10702558017794,0.0396037800557717,0.0,0.126733277902579,4.0
PR-ktkgBR,1.06,2.11346340503226,0.0108743387503441,0.0,0.077955890953672,1.0
PR-8oZYyH,4.69,2.09575993403359,0.172090886839549,0.0,0.248101811024705,6.0
PR-3jm0km,1.44,1.9358905555298895,0.440038976253055,0.0,0.525705202033253,13.0
PR-0DEQ8n,2.21,2.03930171347596,0.17124115519872,0.0,0.300038737181216,7.0
PR-q5rdqp,4.22,1.98784039238216,0.0001389412273869,0.0,0.0135158582301928,1.0
PR-eUfoVk,5.3,2.07588747678441,0.31989100230705,0.0,0.434545703902067,8.0
PR-gCW6Ej,2.38,2.01740604856963,0.153443591380725,0.0,0.286720649090252,8.0
PR-vGphLy,7.01,2.10238987983927,0.0260371905178606,0.0,0.167041099805982,7.0
PR-ZzjQOA,3.03,2.31262676189529,0.0277648947248725,0.0,0.276804752366126,9.0
PR-3yujxl,1.39,2.07567439658207,0.0290214889536726,0.0,0.126367948033168,4.0
PR-d6kMHU,7.99,2.16781471795283,0.222788125123414,0.0,0.376151547784186,8.0
PR-B8lCsL,4.86,2.10554790805703,0.0246047914615008,0.0,0.123849687656382,4.0
PR-IfWBJl,1.59,2.5786354796766098,0.0168201720504558,0.0,0.494162802540934,19.0
PR-76S5tV,1.33,1.98259554785023,0.0803937924530615,0.0,0.126704697025788,4.0
PR-QTjcq8,1.93,1.99986387968361,8.14766008919833e-05,0.0,8.14815006322888e-05,0.0
PR-BtGoCz,1.4,1.93056689914572,0.096493026667846,0.0,0.119469748899411,6.0
PR-N6yb3y,0.78,2.34014078941481,0.12222904935269,0.0,0.386936632061204,11.0
PR-unkPlv,0.96,2.07105902611377,0.171377981680603,0.0,0.278601314283426,6.0
PR-V7yF9H,1.33,2.50352983553281,0.21800642774648,0.0,0.55212200868314,25.0
PR-4ngqZx,1.37,2.1762215476254,0.0963746269775356,0.0,0.259277645348365,7.0
PR-MO0P4C,1.25,2.38692400339839,0.072706601901367,0.0,0.302480173151886,6.0
PR-22NLFP,0.96,2.22176514168692,0.146498141290429,0.0,0.360494831453071,12.0
PR-MA8H1x,1.63,1.99991108096336,0.0002284201272354,0.0,0.0002869670832403,0.0
PR-PMKcwe,87.32,2.02764916712649,0.004097210388127,0.0,0.025894010092248,0.0
PR-DT2Iui,2.69,1.89663575917204,0.232588018988227,0.0,0.260551090498593,8.0
PR-L7mR5L,1.05,1.92091322829546,0.311034438227068,0.0,0.469259290904995,16.0
PR-JlGUxm,1.95,2.00082014373134,0.0002768876149302,0.0,0.0007986144181652,0.0
PR-rdwJ5O,2.31,2.17382085227713,0.0715566887668657,0.0,0.220663276536164,5.0
PR-maGG5v,3.54,2.01022293405832,0.0006340264654655,0.0,0.0065487942100667,0.0
PR-TzMb0x,1.07,2.19941180088486,0.121805922315842,0.0,0.279891569374674,11.0
PR-TtBuVY,0.59,2.24385036846607,0.06353341822438,0.0,0.246414605942152,7.0
PR-7HbzQc,1.17,2.07248965095312,0.0789056599515247,0.0,0.188101630616964,5.0
PR-bPOZxz,2.19,2.10441465922709,0.102816601946167,0.0,0.239566379729658,7.0
PR-9ByeKo,1.04,2.2514640922307403,0.0193705758030394,0.0,0.210213402550159,6.0
PR-7GcxlA,1.68,1.9999058921536697,2.62816549994483e-05,0.0,2.62829812782732e-05,0.0
PR-cyKI25,0.87,2.33777426552832,0.32238020243329,0.0,0.639185025918472,18.0
PR-QbZr1w,1.41,2.0814547589866104,0.279248753799466,0.0,0.402500676514136,6.0
PR-PCwxLo,0.55,2.25253202919206,0.20216531646815,0.0,0.45921918127789,13.0
PR-Ab0F9V,1.24,1.93319026085651,0.202363400107803,0.0,0.303204346132941,12.0
PR-B7qAWp,1.81,2.06824285909208,0.331084385589134,0.0,0.524952347937619,17.0
PR-VFQLXe,14.99,2.05553574825372,0.0559456978406808,0.0,0.118259320322663,2.0
PR-vuT2eV,3.51,2.00109931492863,0.0631118434479018,0.0,0.138743652995972,7.0
PR-GOqi1p,3.55,2.07730092113939,0.069659042898287,0.0,0.172131754103342,4.0
PR-9eJ7rS,2.96,2.0464474752828203,0.0663102591235163,0.0,0.125743229650605,2.0
PR-oavctB,1.58,1.96584456214593,0.111626569481797,0.0,0.165816902052152,5.0
PR-2tdb7F,2.27,2.05476652594542,0.0087361288121905,0.0,0.074174951558114,3.0
PR-3vjLBF,74.33,2.00014377965453,0.0005454820004117,0.0,0.0015304461182616,0.0
PR-h8BzuB,2.88,2.11763165147864,0.0314259175182801,0.0,0.211950641070381,10.0
PR-Ph0yg6,75.01,2.01319648124938,0.0822604941659062,0.0,0.117086629604015,2.0
PR-n3idzY,0.53,2.00015710735809,0.0981955105829039,0.0,0.145266777073368,3.0
PR-bhMYSp,1.11,2.03157449123303,0.0026990735877829,0.0,0.023059152006803,0.0
PR-Zr0JBj,1.98,2.07750733041877,0.129418610132017,0.0,0.235681675858924,7.0
PR-1tFrLv,1.7,2.12542780099925,0.0016982780678246,0.0,0.0922108425552549,3.0
PR-O92s3k,1.24,2.12220164761193,0.116195428164297,0.0,0.316613419246236,12.0
PR-eW4uZr,1.68,2.12932868813301,0.0490365472021404,0.0,0.137971068794093,3.0
PR-44QNXx,3.22,1.9997745811475,0.0004892461541086,0.0,0.000795860030304,0.0
PR-Z6ygbb,1.96,2.20428411109106,0.062452654762363,0.0,0.22828838333626,7.0
PR-ZUTeZC,3.97,1.89989035081691,0.0739939701252446,0.0,0.122432297289057,6.0
PR-eN29bJ,1.4,1.97452084342123,0.144950732126437,0.0,0.175550947952548,3.0
PR-TQcwbW,0.78,1.77894125823019,0.324116768789823,0.0,0.416327437329121,16.0
PR-Xcdqi8,1.17,2.02030782593315,0.0375368134713612,0.0,0.0958339739398145,4.0
PR-hluHxj,1.18,2.05136391080866,0.0017383176635704,0.0,0.0325650803305214,0.0
PR-OVKC0B,0.71,2.24306892447808,0.0518150464421205,0.0,0.277778879980961,8.0
PR-MFjhsh,1.93,1.87706453423626,0.195150983535594,0.0,0.279176138859215,12.0
PR-BqqB9P,2.75,1.96559490962382,0.0328283300022732,0.0,0.033086353639724,2.0
PR-VCdH0u,3.34,2.07832753389759,0.0480761422757668,0.0,0.127321089834894,3.0
PR-fFRxCv,84.4,2.11603626201275,0.0662116179084579,0.0,0.116949023288951,3.0
PR-GAXQdQ,1.39,2.03857306513235,0.0252773104502295,0.0,0.0512078063414994,0.0
PR-7wM9aM,9.39,2.32582782097312,0.129064072845709,0.0,0.369846299139371,10.0
PR-qskzui,89.32,2.18346207578288,0.0303062454101122,0.0,0.171033772753328,6.0
PR-T80Hyf,0.66,2.19428061059891,0.193509746184822,0.0,0.379552097725768,8.0
PR-vct1gT,1.12,2.23071470095106,0.115615012670435,0.0,0.414489508516406,14.0
PR-YQaWBV,1.73,2.18891981941182,0.0361804129233745,0.0,0.2437259339621,10.0
PR-JQtN4F,1.02,2.04762602222485,0.0133233955335434,0.0,0.0463853991917756,0.0
PR-HhxI8n,2.15,2.13451013694004,0.0132648507148096,0.0,0.143933188172709,5.0
PR-4mcoFq,1.66,2.03260324343284,0.0191804319302598,0.0,0.0452846709192309,2.0
PR-CRi1z7,1.99,1.89247733534621,0.106716515199135,0.0,0.13585774131378,5.0
PR-mtEr02,0.7,2.08573550637181,0.0029039521310584,0.0,0.070770931841339,2.0
PR-OnfvPl,88.94,2.03195519794926,0.02538109918305,0.0,0.057852578501172,0.0
PR-FTDcqs,41.59,2.04658413743256,0.0204378967442398,0.0,0.0503777520468195,0.0
PR-9PwT0i,1.41,2.14465811507273,0.149165963644051,0.0,0.31752844841903,8.0
PR-ETM41Q,1.67,2.20108588067302,0.0110217061697268,0.0,0.181387869469437,6.0
PR-SCRFDt,1.67,2.09995269611083,0.0890972265210224,0.0,0.190173563874866,4.0
PR-FxAJ7u,3.29,2.18903907194546,0.133144831123188,0.0,0.366103985123647,15.0
PR-t7z2DQ,1.47,2.00041350922334,0.0002758407259657,0.0,0.0008538671259365,0.0
PR-bzaMNn,2.4,2.04295008544454,0.0274776577397779,0.0,0.0657869918684187,0.0
PR-LLWIab,1.66,1.99992065233153,0.0002512249263974,0.0,0.0002512454248031,0.0
PR-J6Jx7G,0.77,2.06249634348508,0.15303807087129,0.0,0.234252114441559,6.0
PR-sy1tXm,0.82,2.02710273339122,0.120829439583045,0.0,0.218232744327708,5.0
PR-Bb62wP,1.69,2.00667382766542,0.071455098828777,0.0,0.105377978965502,4.0
PR-pP13nB,4.13,2.14602134145122,0.156241800156052,0.0,0.296609069271699,8.0
PR-BWl30D,1.27,2.02611106482872,0.0308885995959246,0.0,0.0540294098311034,0.0
PR-SnfLeG,3.78,2.09253207273903,0.327300000970217,0.0,0.478049402372898,8.0
PR-WTMdUL,5.18,2.0880332364504,0.0004435251293768,0.0,0.0751656620211391,3.0
PR-MnWmgX,4.13,2.12504042348292,0.0107997253519578,0.0,0.102258915857533,2.0
PR-IJgOEC,3.6,2.16410197298097,0.224122446221968,0.0,0.369360092439583,10.0
PR-7c8jb1,1.02,2.01126658277569,0.153093110230244,0.0,0.192468867926321,5.0
PR-qE4Z68,1.37,2.0573697619371,0.222534446764501,0.0,0.304450403347077,8.0
PR-D9grN4,1.58,1.93296803346367,0.0806385677414679,0.0,0.119062579514539,7.0
PR-bhIzgj,79.35,2.00100489962099,0.0470211780020689,0.0,0.048558386369308,0.0
PR-8EE2ka,1.19,2.05107584499158,0.0175104813690553,0.0,0.0385278093084249,0.0
PR-vsOIl2,3.74,2.05826370990932,0.0947807154141001,0.0,0.158843475494397,2.0
PR-KcHKzT,1.01,2.15830216005978,0.222646335092876,0.0,0.424065119282522,12.0
PR-NjOMXr,5.81,2.07246863294754,0.052875488939306,0.0,0.139867709097138,4.0
PR-K7jU73,43.68,2.15474006168727,0.0772475896430982,0.0,0.189612043479193,5.0
PR-jbhvzo,87.26,2.11616606537338,0.0518891503419578,0.0,0.172891533014952,5.0
PR-7B1C9M,2.66,2.11207954366272,0.132002835950955,0.0,0.313937651135662,10.0
PR-nUdKoV,1.1,2.06301920532405,0.245032750241227,0.0,0.344007245212241,6.0
PR-Yybm32,1.58,2.09537017421655,0.0483849642903957,0.0,0.120418985292402,6.0
PR-NivMj6,1.93,2.27313900411771,0.135734390169362,0.0,0.317333106194158,8.0
PR-XcC2fL,0.78,2.07277145068644,0.0172312485068515,0.0,0.081757564752659,2.0
PR-cpo7Iu,84.58,2.09277735449955,0.0613964204318941,0.0,0.1509584912381,4.0
PR-4LOGQx,0.63,2.13490497940106,0.0501401618636852,0.0,0.199067867150725,6.0
PR-FgeHco,1.98,1.89095533047194,0.214159802965674,0.0,0.288557028662561,7.0
PR-a5T2sI,0.64,2.20722137465452,0.114136408157762,0.0,0.291791821528916,9.0
PR-oJIbmY,3.01,2.0503262499079,0.0940030992024876,0.0,0.161976410949929,8.0
PR-O7DYG6,31.53,2.16171700614498,0.258699299249795,0.0,0.448459479930391,9.0
PR-8EgLQ4,1.4,1.94978495161541,0.119518273379809,0.0,0.246781759133652,7.0
PR-abmyqE,4.02,1.99838900979258,0.0009618549924279,0.0,0.0012006725608275,0.0
PR-KUcXKO,1.19,2.18910006406389,0.0390828065040522,0.0,0.197551457459356,6.0
PR-hy3gz2,4.88,2.05130471830395,0.0650370740049124,0.0,0.117366474064547,3.0
PR-mCAIMI,1.7,2.08192979763772,0.162743050467735,0.0,0.24547042606347,3.0
PR-VCeNaZ,3.57,2.30143072821419,0.0637837541602832,0.0,0.314646509289706,10.0
PR-idqkoH,0.87,2.08557688858276,0.0122358507253055,0.0,0.0942923245697636,2.0
PR-Bs4EcD,3.16,2.12454850251024,0.0606292839372475,0.0,0.203267224005104,6.0
PR-tearO4,4.19,1.95190792851643,0.109542527784073,0.0,0.252565576851113,10.0
PR-eUFjmR,4.48,2.1719432353038,0.0537570886853746,0.0,0.20783393202262,9.0
PR-PGuya8,4.43,2.36404973520722,0.183109971127772,0.0,0.406510069401801,11.0
PR-GHS53C,0.83,2.06115352872248,0.0021521498622093,0.0,0.0420565859411815,1.0
PR-uUwc6d,0.84,2.07010571143423,0.0340747772082863,0.0,0.0926883440454343,4.0
PR-iR9IHK,1.69,2.16756959058371,0.0677131697354073,0.0,0.218706374342944,5.0
PR-hceF11,2.19,2.0142137281708,0.125693714728668,0.0,0.208196126216948,5.0
PR-EZrEGr,1.75,2.12845981520378,0.0206856304748206,0.0,0.154587423222154,9.0
PR-8Rs4MB,0.76,1.99002490272772,0.1374984490611,0.0,0.222668228599695,8.0
PR-FGeuv5,64.45,2.24746814510533,0.0173892681408447,0.0,0.21992320294187,9.0
PR-8sK5Pe,1.57,2.05675761416616,0.228659257913174,0.0,0.387916087852362,10.0
PR-35nh9T,1.5,2.08197508672788,0.077019375713796,0.0,0.162960935159888,4.0
PR-aHHBb9,87.55,2.10604149153207,0.0049897383466156,0.0,0.116992807405828,4.0
PR-rVZ8uS,64.8,2.06972832432185,0.210117726386853,0.0,0.260340457784618,3.0
PR-JOlhYh,3.69,2.36942460479326,0.192189120755961,0.0,0.579075241649081,18.0
PR-izr1JZ,1.76,1.99988632784879,1.7785109538159e-05,0.0,1.7788429908206e-05,0.0
PR-bFkp19,3.65,2.2392191768621,0.206656402629465,0.0,0.419110631043918,9.0
PR-aFx2RI,2.25,2.17476322592004,0.194944832686889,0.0,0.303742759477778,10.0
PR-0qGhSp,1.27,2.2996817938876,0.340979952890191,0.0,0.617835134849156,11.0
PR-C0LzlL,3.62,2.43624492712611,0.111173146124864,0.0,0.567634477740512,18.0
PR-86Rnag,4.65,1.9953069562861,0.0052728825782794,0.0,0.0057415794242223,0.0
PR-kuQnIb,3.3,1.95034893238424,0.114067640663649,0.0,0.23587776139594,9.0
PR-rsHOPc,81.08,2.13712043130745,0.028655186228936,0.0,0.193057620523967,6.0
PR-piUHST,1.12,2.03392960292801,0.0023485823829296,0.0,0.0235101416481527,0.0
PR-rg1VGI,36.46,2.02896657517662,0.0152835557707583,0.0,0.0505331522309161,1.0
PR-EvLXSQ,1.19,2.0919558113972,0.168030536819366,0.0,0.315255284696838,10.0
PR-UjQ0Q2,2.33,1.999992104981,0.0,0.0,0.0,0.0
PR-lyajXC,1.57,2.11772472070418,0.10458711945747,0.0,0.196812830588601,5.0
PR-sMfubO,1.55,1.99987352294458,2.80911065038028e-05,0.0,2.80941541073056e-05,0.0
PR-4uNl0E,4.01,1.91496590934878,0.0206663905720321,0.0,0.124217232642324,6.0
PR-rIEjXG,0.79,2.0687795233537,0.063397572922727,0.0,0.122510229363614,3.0
PR-Fit7Mw,2.54,1.97012940128002,0.0840291741454503,0.0,0.104348641151321,2.0
PR-nUWhyf,5.13,2.08668910184602,0.0280144359205539,0.0,0.0685328294746188,2.0
PR-omDy4S,3.7,2.05393440361528,0.105884441766942,0.0,0.270489565639021,9.0
PR-Ql2CAo,2.3,2.04052249281095,0.161431780524011,0.0,0.262528632076067,6.0
PR-uiAmJy,64.91,2.18225390671594,0.0321886916801669,0.0,0.184778189890928,6.0
PR-wCf7pr,4.02,2.17417403023966,0.115526573251267,0.0,0.200033841817582,4.0
PR-Nc2NbR,3.45,1.98031765565804,0.185451457327832,0.0,0.316423119138994,8.0
PR-1Uo7R0,1.03,2.06113737050062,0.146201305604407,0.0,0.257252111117966,9.0
PR-tXEhvN,90.63,2.12992364509781,0.0750570649512593,0.0,0.152071583708168,2.0
PR-qthRJk,69.36,1.9998350516957,7.90052234791906e-06,0.0,7.9014921920754e-06,0.0
PR-6Ybf3z,65.13,2.05251346461441,0.0256930691041075,0.0,0.0561752289905544,0.0
PR-BidGw1,2.8,1.94152636513982,0.070689686609471,0.0,0.216466751084734,5.0
PR-CIxoDJ,1.16,2.13037677737653,0.144190028737676,0.0,0.263764958292496,6.0
PR-SqG7aO,1.2,2.10443432485899,0.0394626810210137,0.0,0.116204936711825,2.0
PR-tG48qj,0.81,2.04062543545571,0.0021043676099397,0.0,0.0284147235734244,0.0
PR-WfmELG,1.39,1.83470815521057,0.298552528319808,0.0,0.350855276384244,11.0
PR-o24ov9,0.85,1.97656941543611,0.144845323681513,0.0,0.220530628152769,8.0
PR-7Alqku,1.79,2.08419035818892,0.0612015095371745,0.0,0.195471119136331,8.0
PR-x3dWKC,1.52,2.06344845122831,0.0849179016743964,0.0,0.210184042945383,6.0
PR-nNoRvY,1.93,2.13567602718044,0.151951693684984,0.0,0.387601582798286,15.0
PR-Qvs2q6,58.36,2.03918855327449,0.0238996107882205,0.0,0.0451016900765573,0.0
PR-uYaeFm,6.01,2.15837533367986,0.100496680759558,0.0,0.274825409386662,7.0
PR-MjCKCh,1.07,2.09906076119906,0.0855469916294537,0.0,0.184046950639785,5.0
PR-w8gCeg,1.26,1.99924698285725,1.68685121064466e-05,0.0,1.68754309159689e-05,0.0
PR-cOouv4,2.04,2.05612206158199,0.103346756514495,0.0,0.250916850303324,4.0
PR-fi9A8c,1.2,2.09743610871886,0.223662454531147,0.0,0.362004022268808,12.0
PR-UAFuXt,1.52,2.10741158631302,0.0675066028180595,0.0,0.194049341860148,6.0
PR-fBKnqX,1.01,2.1972689190248,0.220396856068302,0.0,0.41416330974281,6.0
PR-4a3lMb,84.51,2.0642060196355,0.0041401946682599,0.0,0.0730231560935474,2.0
PR-3oiVuO,1.54,2.06388604683823,0.0610639686641393,0.0,0.168670710201135,6.0
PR-g73uDb,1.71,1.93028782408286,0.221624423798334,0.0,0.425122566215883,9.0
PR-V4DbaQ,1.24,2.05343923888094,0.0042750721557383,0.0,0.0388830067195462,0.0
PR-aXILcs,1.53,2.03539134154479,0.028634910044724,0.0,0.0579320975105331,0.0
PR-sTuBAT,0.89,2.34186927037427,0.138519291818333,0.0,0.437865171959223,13.0
PR-uY72Wj,3.95,2.00014910572658,0.0004091815609432,0.0,0.0011716365779513,0.0
PR-ZU3ok7,2.67,2.05879719992165,0.0005022013602227,0.0,0.0540110033920103,1.0
PR-3lYZxw,4.67,2.02789417257043,0.0712051612762002,0.0,0.107600044157106,2.0
PR-pA9xa3,4.26,2.09636365718751,0.138111701314323,0.0,0.256183922579598,7.0
PR-tUWgXH,2.63,1.97269141501624,0.113955605794822,0.0,0.146946065040716,3.0
PR-cBcN9J,63.68,2.34265995628926,0.0731278642839931,0.0,0.309709890204809,10.0
PR-CdFk6C,2.14,2.23773119464079,0.18592806295051,0.0,0.430506634840715,13.0
PR-nMG9sD,1.57,2.23691249798053,0.0337302183222544,0.0,0.242152535472396,6.0
PR-KkCq6r,3.88,2.10100257284597,0.10056063733069,0.0,0.191142342585109,2.0
PR-RaAEhK,3.57,2.14596724619956,0.0241968409510776,0.0,0.19549582272532,6.0
PR-UrpBYx,89.33,2.0025932390157,0.0215412997876462,0.0,0.0334992286767049,0.0
PR-VURGSl,5.56,2.20511379400093,0.002863582694861,0.0,0.208701303127501,9.0
PR-QCCkpK,0.73,2.1632245721887697,0.0663349588438151,0.0,0.260420844532252,9.0
PR-mZFuZt,0.65,1.82175611229611,0.269717595825967,0.0,0.317386017669837,10.0
PR-CAq8kn,2.81,2.26479545217579,0.0714234372407742,0.0,0.283912854107342,11.0
PR-qY1GC4,0.88,2.01279870565457,0.0734719856006929,0.0,0.114263864288397,6.0
PR-0l1GM0,1.36,2.1208671231589498,0.250881325421964,0.0,0.358574462641595,5.0
PR-GFGbFE,2.17,1.99978685742591,0.0002880904715898,0.0,0.0005644200813401,0.0
PR-cfJNvc,3.63,2.21908845426281,0.0703353508008763,0.0,0.289181909590778,8.0
PR-S8c1QK,1.3,2.26655940726343,0.0926040130761009,0.0,0.322733744313404,10.0
PR-MlyZv5,1.21,2.03059985133089,0.0022646460909782,0.0,0.0259238792887458,0.0
PR-JToJzQ,1.2,2.07027697991664,0.0030893915436126,0.0,0.0569894537484563,1.0
PR-Ds9QdK,80.18,1.9912993548078304,0.016971393236196,0.0,0.0188222452603252,0.0
PR-o1Zpln,0.4,2.24910515590367,0.184043136811378,0.0,0.402829209705343,9.0
PR-RQzZIL,1.37,2.17940090716597,0.0857323051438006,0.0,0.154416141586238,2.0
PR-jGkzxR,4.35,2.02018308664446,0.0220974385099837,0.0,0.0648058542046032,1.0
PR-ngot7H,1.92,2.06649912288889,0.0207115043982487,0.0,0.107579642681358,4.0
PR-v6GkOV,1.28,2.0001222451114,0.0003283557731956,0.0,0.000328378536366,0.0
PR-u5FimK,0.75,2.0701849886453303,0.0584360325452899,0.0,0.100068917389599,1.0
PR-vlIHkF,0.39,2.08891723426168,0.154462477077452,0.0,0.28044751739913,4.0
PR-o3m2Xg,43.04,2.09365447597005,0.0285222188759275,0.0,0.105341974245365,2.0
PR-cRvFhR,1.61,2.25468728014391,0.137337226880292,0.0,0.341982061448598,8.0
PR-BWkmsQ,3.61,1.98412726384279,0.0164852912433055,0.0,0.0167646970361373,0.0
PR-BbwK1U,1.18,2.039339967121,0.0205811111707047,0.0,0.0464011453228187,0.0
PR-Q8fJfe,1.28,2.06553655086954,0.201589175392702,0.0,0.40237590393207,9.0
PR-VepCQY,88.87,2.21003003842771,0.094010500178588,0.0,0.288532230651665,7.0
PR-89HlYy,3.07,2.33858846744603,0.0869414054166365,0.0,0.414461245100837,14.0
PR-9kOmqp,1.39,2.01968214965808,0.0033861552359656,0.0,0.0177596026710021,0.0
PR-oxwSU8,2.51,1.91221705802803,0.214962529396319,0.0,0.28971569493822,6.0
PR-SnpeaT,0.84,2.0622958362018,0.0030606268960956,0.0,0.0486892956302496,1.0
PR-grhyYE,8.27,2.04736071752693,0.0067910267700845,0.0,0.037172616973604,0.0
PR-a87IXe,1.76,2.073886904341,0.219135097435791,0.0,0.318308926620795,5.0
PR-PST5Il,0.8,2.23452663384818,0.0371353946104601,0.0,0.254881517896579,9.0
PR-otqIte,1.61,2.11586499600411,0.164090512841167,0.0,0.256970074872741,3.0
PR-WU0LTt,81.88,2.09424913482497,0.0322371813927123,0.0,0.0888779335688565,1.0
PR-7n7fXy,1.11,2.05708299290009,0.0928882491841522,0.0,0.170725727912065,4.0
PR-q6ZR6Z,3.25,1.99987268538106,0.0002948045133107,0.0,0.0005811607524501,0.0
PR-7tGhYX,0.8,2.07118838780145,0.242495357240212,0.0,0.340224627444579,10.0
PR-ictHbx,26.46,2.04309670461009,0.0272096120906737,0.0,0.0575916858705686,0.0
PR-pR3KNg,1.68,2.09953822732094,0.100203923215299,0.0,0.18320676962199,2.0
PR-P8uoM2,2.23,2.313914967672,0.0072732422000436,0.0,0.200483634868792,8.0
PR-TMNBmS,1.94,1.99265965634138,0.0059457442053765,0.0,0.0071321932860323,0.0
PR-zv0mdh,0.74,2.0084517385212,0.162827809408042,0.0,0.289885168921979,8.0
PR-MVmw0R,1.41,1.99343634557146,0.005904528943397,0.0,0.005908282153958,0.0
PR-iTkQMf,1.18,2.11553129311696,0.0836943779814623,0.0,0.223001939627027,8.0
PR-jIagdM,0.57,2.03082268033181,0.0985483104909152,0.0,0.175567673500952,8.0
PR-6aWr47,0.97,2.05898318488264,0.0056818899399412,0.0,0.0375734316000638,0.0
PR-PAUwQU,4.85,2.2665124027325296,0.0745924036307235,0.0,0.224327028270177,11.0
PR-66Xefu,2.73,2.13772484833863,0.14524432478288,0.0,0.273737826576747,6.0
PR-5cxr4t,2.13,2.02527387372524,0.0500906433619469,0.0,0.0935856454998887,2.0
PR-vZtlym,0.74,2.05401621398977,0.0090773600456818,0.0,0.0407121335650556,0.0
PR-chTfP9,6.42,1.99877222538715,0.0010051086402249,0.0,0.0010068053285795,0.0
PR-6xbU8h,1.0,2.03903880119985,0.0021291754621061,0.0,0.0256092806158134,0.0
PR-8vXkr9,0.6,2.09227406926562,0.0474453997779575,0.0,0.123429448186373,2.0
PR-VqAoGS,3.19,2.2574721571554304,0.0142239581283187,0.0,0.213515040839975,10.0
PR-qkR59R,5.27,2.02123314493678,0.0464319417028279,0.0,0.113490796677538,2.0
PR-pTi2a3,1.94,1.99430962359703,0.08403451925312,0.0,0.221788350663744,7.0
PR-DFfMyZ,4.5,2.44850132373712,0.0286895495543968,0.0,0.419213946114959,15.0
PR-4ysADv,1.21,2.13314504273372,0.0665702939848259,0.0,0.143598005477466,3.0
PR-LZhV7k,3.76,2.50026366377406,0.198451573877279,0.0,0.557988997196641,28.0
PR-Bz57NU,0.73,2.39942802068623,0.189339564007482,0.0,0.475062734422811,12.0
PR-8th2sV,4.07,2.15483848688399,0.0734752863889686,0.0,0.191023970101273,6.0
PR-b45Wgm,2.99,1.9471752331841696,0.202131054411705,0.0,0.283759897946034,7.0
PR-mn1O3F,78.42,2.0303126894807,0.0023345327229963,0.0,0.0226034411836221,0.0
PR-DXR2Qg,1.46,2.12854438110505,0.0113323477796282,0.0,0.118770571537171,2.0
PR-QS8mc4,3.92,2.08321348737542,0.0290807388858521,0.0,0.0527885994569208,4.0
PR-C67eeP,3.88,2.03453780689202,0.0671879902627053,0.0,0.104904984618392,2.0
PR-Ig61Ov,2.33,2.12530175826787,0.0193505185793982,0.0,0.121660395201699,2.0
PR-GYfpLB,0.9,2.14454808991592,0.122229771520798,0.0,0.278096414070242,8.0
PR-r0b4cz,0.73,2.452208376082,0.0816486115696187,0.0,0.423974808519921,12.0
PR-vW8e3y,1.33,1.99999954935522,2.95036117726701e-07,0.0,2.95409994835289e-07,0.0
PR-ta2aWo,3.16,1.9791853700922504,0.143221024068634,0.0,0.214116280713955,7.0
PR-5zwe6L,4.14,2.0215911374483504,0.0037901281790474,0.0,0.0313037160041564,1.0
PR-A21r31,5.11,2.41596854589264,0.27137492288017,0.0,0.6270680182869,15.0
PR-duoKre,0.74,2.35260960088498,0.314644088013894,0.0,0.620073906108112,11.0
PR-mXqAuf,1.41,2.12299629664703,0.0089608633089721,0.0,0.0983064223335012,3.0
PR-PHQxAp,3.05,1.99983995476752,3.38555716673716e-05,0.0,6.23074429591831e-05,0.0
PR-AfhuNj,1.3,1.99893964871476,0.000409539968475,0.0,0.0004420107316251,0.0
PR-QOdtDP,5.0,1.74282001970414,0.131999610657417,0.0,0.320976805135102,11.0
PR-ermWZJ,0.7,2.09859598532206,0.0702297711420017,0.0,0.147877641219704,2.0
PR-IPei1i,71.5,2.05916625883556,0.0395479495282369,0.0,0.104460605153898,2.0
PR-0HbjBS,1.14,2.08572880208394,0.0034726687402029,0.0,0.0478139111135354,0.0
PR-NqIlBM,0.69,2.05369892069048,0.0020314151782493,0.0,0.0337908200544802,0.0
PR-TyCr4L,0.78,2.12552943946898,0.0872155722043298,0.0,0.198954959936363,3.0
PR-8QwR97,0.98,2.14537987736856,0.233153932603159,0.0,0.436477140533926,11.0
PR-ux8lgh,5.34,2.00177291459636,0.0128206452089698,0.0,0.0146410005494145,0.0
PR-HUlLE6,3.39,1.97015453535611,0.0890621895709791,0.0,0.115798204983232,3.0
PR-leaaZd,0.84,2.21832329217315,0.0399349313138972,0.0,0.206831554476157,6.0
PR-Ggfzdb,3.16,2.00053603234419,9.35583014061918e-05,0.0,0.0006504919964746,0.0
PR-mLcCem,1.68,2.3942926342179702,0.191887532120068,0.0,0.427935331809982,11.0
PR-ISWIso,1.98,1.93549885327802,0.183064918632828,0.0,0.265055932747195,12.0
PR-RwW06i,2.4,2.17931168430128,0.04485794729994,0.0,0.181703438580311,4.0
PR-Fu0w28,0.83,2.17243207772764,0.17140578714563,0.0,0.349808224419746,7.0
PR-4a5BUE,2.1,2.10144309123774,0.0002529762230093,0.0,0.0796952488416853,3.0
PR-dTy3Nb,1.0,1.9929233612708896,0.102122713743705,0.0,0.193931046844243,7.0
PR-GZkVwh,0.76,2.08763274228538,0.020129321143316,0.0,0.180012691113481,5.0
PR-f7BNiO,5.4,2.1022515956513,0.0130600113205401,0.0,0.115411839953126,2.0
PR-NnDh3Y,0.5,2.07973403307395,0.196164380667976,0.0,0.327582155268571,7.0
PR-kuOzy5,4.76,2.17982106398649,0.241118341523599,0.0,0.41364300288189,9.0
PR-eEUZcy,7.73,2.10805100918371,0.00029620635581,0.0,0.101996535334865,3.0
PR-Tek4yt,1.16,1.94071420988016,0.142194800091228,0.0,0.181160406501513,4.0
PR-AtRatC,2.48,1.90652425405781,0.237467261385929,0.0,0.374001791407628,11.0
PR-RgsbUW,0.92,2.05730771768935,0.0466795128096051,0.0,0.0914414166843667,0.0
PR-DrDDw1,1.28,2.0000000808301004,1.1352085737987e-06,0.0,1.13602612167031e-06,0.0
PR-Gta1iS,6.12,2.08486690324263,0.0412898989767722,0.0,0.140595276974684,4.0
PR-ypI3pl,1.5,2.08601855647125,0.000155514621844,0.0,0.0871951996612742,3.0
PR-XWNNMT,1.71,2.3102930498850096,0.049891814409428,0.0,0.249390929584887,7.0
PR-kXsmMs,4.74,2.164465261629,0.0472504186341281,0.0,0.168299151123118,3.0
PR-lJ66JC,2.76,2.30107108603278,0.129429221692929,0.0,0.36607685693158,11.0
PR-LzFWUL,67.93,1.99725937475734,0.0435958153207397,0.0,0.0588210398662737,0.0
PR-dTN7So,16.25,2.10494379654987,0.0059853400073265,0.0,0.102769994891983,3.0
PR-RDQSwP,3.55,1.93187433422289,0.0700487794983382,0.0,0.0703363048111384,3.0
PR-Zn1T2Y,1.24,1.98642759020005,0.0719677624822763,0.0,0.102129774426544,2.0
PR-OSnev7,1.69,2.0101585293928,0.0132081220268793,0.0,0.0245414251805037,1.0
PR-CjKgF5,1.88,2.13924748517183,0.0662057908692353,0.0,0.20057373365304,7.0
PR-iMfpfU,0.88,1.93613359574121,0.190904896754284,0.0,0.281270648725809,8.0
PR-JImvdF,3.37,2.03434100306845,0.0004004570773402,0.0,0.0357571938901264,1.0
PR-0ndQ3C,1.63,2.27487332572829,0.0145012476746413,0.0,0.251032920073974,9.0
PR-IEtvmH,1.47,2.02684697086858,0.0864731117403863,0.0,0.131255980898927,2.0
PR-QHgFcn,1.2,1.92249555805444,0.131202839064293,0.0,0.299788958412539,10.0
PR-2zNA9s,4.45,2.10774794066784,0.0520201406973965,0.0,0.140848366951816,2.0
PR-abv1Dv,1.64,2.06275622148593,0.053233771323096,0.0,0.11007356721799,3.0
PR-gGa2h9,64.13,2.17399352760046,0.0783794628858688,0.0,0.275442747244664,8.0
PR-wRP10K,3.77,1.97137174230693,0.113400032386811,0.0,0.197394232564468,4.0
PR-jd06v8,12.4,1.93458928133156,0.32633078832557,0.0,0.355414631945478,6.0
PR-sheU7X,3.94,2.0863418989602,0.0123523680894075,0.0,0.0998916901802521,2.0
PR-6hbj0G,0.9,2.07715391216408,0.0067463609017071,0.0,0.0680197394353242,1.0
PR-mDPnd1,3.21,2.18567227627939,0.0009164154587803,0.0,0.126710707141995,5.0
PR-MV0Jbw,1.28,2.01894853557117,0.189542553156182,0.0,0.27610534540711,5.0
PR-2JWZFn,1.01,2.08672618034935,0.0911937397050489,0.0,0.160004731964458,4.0
PR-JbzjQE,1.67,2.0003069400947,1.0081060681331e-05,0.0,0.0002932930248595,0.0
PR-myGVbI,0.63,2.13309301293872,0.0741516673829298,0.0,0.163474181662553,5.0
PR-hXZzXy,0.73,2.26771181772606,0.171351001607028,0.0,0.367360969222116,13.0
PR-sYRyfT,0.58,1.99773059998592,0.0687902639116405,0.0,0.104362134344063,3.0
PR-bQzhGw,4.85,2.27337086727809,0.0715707336876133,0.0,0.337758342653088,10.0
PR-X5mbcD,3.05,2.3836988043938,0.198493595664517,0.0,0.437136720114852,15.0
PR-cEu8oY,0.81,2.33695012711303,0.0877222719052918,0.0,0.35911347807909,12.0
PR-ZviR3O,1.3,2.03895750291795,0.0675968119232963,0.0,0.115175305459312,0.0
PR-lTvstE,3.68,2.09988162205402,0.0801788872734966,0.0,0.211543056672588,8.0
PR-MdDaly,1.12,1.99215645517112,0.463171505736196,0.0,0.621859261794356,15.0
PR-A3pvk8,4.74,2.28970441574923,0.0900385184305872,0.0,0.32500078874588,10.0
PR-1mxODI,1.24,2.26742226583536,0.0767335145976535,0.0,0.272846362371893,6.0
PR-FFGmUw,0.86,2.03321578180645,0.0026884629249131,0.0,0.0205877622965518,0.0
PR-RSc97t,4.17,2.03625590991719,0.0002187809307832,0.0,0.0371891199339962,1.0
PR-1p5gBP,1.02,2.0508090039646,0.002755715858738,0.0,0.0325954113266562,0.0
PR-XKO1VZ,4.11,2.01270229281646,0.0001297025698451,0.0,0.0131591130295726,1.0
PR-bpilTt,87.65,2.12024497283411,0.0320307477479075,0.0,0.108442665611689,2.0
PR-wSF0te,1.97,2.05184394521751,0.0044298708837187,0.0,0.0311525664352153,0.0
PR-L1dOGo,2.28,2.14095809180029,0.121686806764679,0.0,0.256512277255624,8.0
PR-F5xmyp,0.39,2.12763054852445,0.240248987588319,0.0,0.433310453595926,10.0
PR-VCqemJ,2.98,2.01303249627282,0.145581369959946,0.0,0.279046616026455,9.0
PR-uC3q5l,2.81,1.95468562301091,0.0868625707293217,0.0,0.174549434471047,6.0
PR-dzc7yJ,2.1,2.18113330690661,0.0494476068395262,0.0,0.174767485809176,4.0
PR-aOyWp8,54.11,2.06578558667094,0.0422242320868361,0.0,0.100871017190316,3.0
PR-FZ5nGv,4.47,2.15888661939732,0.0295187050187464,0.0,0.219078410345414,6.0
PR-ko9wUu,1.08,2.17964422710453,0.0117217845772756,0.0,0.160701421624708,4.0
PR-rJaHLi,0.65,1.9617063071564,0.204072472917712,0.0,0.269354536944121,8.0
PR-IJVmy8,2.78,2.00289867367875,0.0489469874367349,0.0,0.0605016257727695,0.0
PR-DNRFgC,3.53,2.00652207345142,0.210694259874484,0.0,0.345134505305512,7.0
PR-g96FHP,0.38,2.08620960696334,0.0420672655588785,0.0,0.126068887256151,2.0
PR-mZxPrI,2.05,2.43946694289851,0.0852165532251592,0.0,0.446175292441122,13.0
PR-ifMZ87,2.41,2.07579902527308,0.0452323597578703,0.0,0.123163572500757,3.0
PR-XHbOKZ,3.48,2.09892970064811,0.0168954946209614,0.0,0.114177837245604,3.0
PR-2eSD2x,1.17,2.58326723686317,0.0985382442773752,0.0,0.590759857582595,24.0
PR-buq1qQ,0.96,2.11752232536378,0.1707984951088,0.0,0.325143233121237,8.0
PR-A8pKra,2.08,1.98678598211856,0.0959712560278834,0.0,0.178066307134973,5.0
PR-loIhBM,1.28,2.26097777703032,0.0482307837187461,0.0,0.292427661346625,9.0
PR-vnMZQb,3.7,1.98170546223644,0.0891011715066936,0.0,0.151872138196893,5.0
PR-Sitlx9,69.58,2.11652966553116,0.0058361008722487,0.0,0.0698171893834939,1.0
PR-sJO4Iz,3.04,1.83353461819216,0.24803375448948,0.0,0.397431489970623,15.0
PR-WZj3Lc,1.15,2.14690839895138,0.106833438133838,0.0,0.258191252919311,6.0
PR-QRsGiF,3.68,2.04903866292057,0.0505124649260984,0.0,0.1071505329524,1.0
PR-rCsB4y,1.83,2.33180521300231,0.177612573573126,0.0,0.451643349758959,11.0
PR-StdkBA,1.14,2.01333903094554,0.0494523933521897,0.0,0.0734477285873194,1.0
PR-uRt0D1,1.19,2.07922973259283,0.0026521248213524,0.0,0.046301205445984,0.0
PR-u3DLBk,0.7,1.84284489312278,0.263505890211355,0.0,0.321429146324071,9.0
PR-YCiZWz,1.35,1.99954557222731,0.0006424380515372,0.0,0.0006856564494943,0.0
PR-IfyIyr,2.32,2.21615843503315,0.100032268518013,0.0,0.255001082491415,7.0
PR-KfC5sa,3.77,2.11219435325753,0.0653617890008646,0.0,0.169237244786742,6.0
PR-0o6ywu,0.72,2.53569536988586,0.0822768631349016,0.0,0.439473379498122,29.0
PR-llr0IA,3.91,2.01280491190506,0.0487603526997565,0.0,0.0746530255282518,1.0
PR-itLg7X,2.17,2.21355602973203,0.064179171820333,0.0,0.226227762393669,5.0
PR-CLtc1a,55.89,2.03406644885256,0.0222708307661961,0.0,0.0881365139039809,3.0
PR-gfHHWs,3.51,2.28278927282135,0.233766571550931,0.0,0.47553554408613,9.0
PR-KUfCyG,4.82,2.0724175193218,0.0022391927835933,0.0,0.0405408874674055,1.0
PR-ncvZdH,3.09,1.75722343830175,0.373940943423933,0.0,0.416152395260369,14.0
PR-thY0Ic,57.01,1.96858004190011,0.0702480891172889,0.0,0.102578989439673,2.0
PR-OiV5Kb,1.01,2.19831251882335,0.013989024823091,0.0,0.19621652755672,6.0
PR-qiEHVF,3.9,2.37580885463447,0.212155683791785,0.0,0.508218817051399,14.0
PR-ymhriY,4.04,2.31862881790268,0.169876362792159,0.0,0.394044911589963,9.0
PR-ClnFLO,0.4,2.09798522698971,0.166549544640712,0.0,0.295833271289236,9.0
PR-xQBHhh,1.62,2.24997223720667,0.31466398306007,0.0,0.540573509624272,15.0
PR-3hoqtV,1.51,2.00237506278703,0.0294387320746604,0.0,0.0538742412232376,2.0
PR-ELdKN5,1.56,1.79639238361873,0.233523308984611,0.0,0.280148323979654,9.0
PR-Oc6nXl,3.52,2.05984475416384,0.0449764451510733,0.0,0.121663905474075,3.0
PR-30iCKx,0.97,2.02867018128936,1.94315352742068e-05,0.0,0.0292780665313447,1.0
PR-GT62zV,4.16,2.02640996544144,0.0001997829562297,0.0,0.0272497753220125,1.0
PR-93Kjvg,7.04,2.15841966732331,0.0191241986339086,0.0,0.138612820707967,5.0
PR-HCYCNG,93.17,2.0000120769401,0.0396673582587425,0.0,0.0400908628743724,0.0
PR-v728kC,64.95,2.01502805018433,0.0049775155489647,0.0,0.0236750269701511,0.0
PR-7w8eU0,1.18,2.15500285615063,0.109435379333889,0.0,0.2601161713625,8.0
PR-68uoMh,4.14,1.97947229281827,0.0400923189966365,0.0,0.0500790615531077,1.0
PR-65U3FP,3.58,1.88577479233742,0.214009141686153,0.0,0.300558708430062,11.0
PR-44uEAY,0.92,2.20246716224787,0.0437478506601893,0.0,0.220421005565325,5.0
PR-eeWYjQ,0.55,2.59235572506,0.154954289846641,0.0,0.604588010034138,22.0
PR-XnNruP,1.15,2.03849323158929,0.0060217157416331,0.0,0.0283685694507038,0.0
PR-NqFlat,1.97,1.90414686566565,0.157093669209268,0.0,0.225822417442327,7.0
PR-Y9AJZJ,3.86,2.04135753707959,0.0007978002382841,0.0,0.0271872997313266,0.0
PR-v3s6l2,0.82,2.10661365511702,0.0214683046752959,0.0,0.107474628230531,2.0
PR-yKlWOs,1.55,2.23085798577485,0.076016676808731,0.0,0.287335948826319,9.0
PR-JWMTAX,1.11,2.04247123854326,0.0018460065522527,0.0,0.0286910033032079,0.0
PR-doNNha,40.42,2.03341224164139,0.0573196879788075,0.0,0.0788226693850192,0.0
PR-sofYL7,2.91,2.1042182446586,0.0002297593023945,0.0,0.104116994886141,4.0
PR-wWIak4,1.8,2.03201599320704,0.0085617982985243,0.0,0.0497883499646849,2.0
PR-PNDSJp,5.29,1.9491594184839,0.156757481581242,0.0,0.194213755158167,4.0
PR-yyT0Tp,2.54,2.22298719126459,0.0554440067165077,0.0,0.279393346688457,9.0
PR-KpLx5V,1.71,2.00815605055726,0.0152931087141471,0.0,0.0249279203678015,0.0
PR-z1ZBpL,0.8,2.17219352403361,0.0050730913730833,0.0,0.122549271509693,4.0
PR-uLhkBr,0.54,2.05414892598361,0.0026886817923628,0.0,0.0467272589057679,2.0
PR-1z1P4o,1.97,2.11027421874297,0.0320291682424328,0.0,0.0745246173031242,2.0
PR-NDks9r,4.28,2.03968562808167,0.151377324040014,0.0,0.310712908935421,13.0
PR-w6rzl9,1.38,2.03122140303202,0.0177273538786476,0.0,0.0362735008142259,0.0
PR-DaJPv6,0.81,2.03382941046145,0.004294580420129,0.0,0.0252526985354858,0.0
PR-hIONKf,80.74,2.12521045019949,0.0052423259232374,0.0,0.11422311935057,3.0
PR-ngBWBM,1.75,1.9064629208597,0.211402791626003,0.0,0.353255179898194,14.0
PR-WyXK1D,0.93,2.06594640700546,0.114540484038028,0.0,0.252399265977856,9.0
PR-2BGNxT,1.16,2.03619756674526,0.00230515786775,0.0,0.0245952598675982,0.0
PR-NpGjEQ,1.6,2.1242029891522,0.173956281695798,0.0,0.284443850842982,6.0
PR-sj5BHs,2.28,2.18695542026376,0.0228493982746012,0.0,0.225213589590679,8.0
PR-81oclJ,75.07,2.02665906844359,0.0325023999196338,0.0,0.0759618346539998,1.0
PR-2BUowi,1.44,2.0853293226627,0.103444237958564,0.0,0.18465772723153,1.0
PR-81IKHg,1.54,2.12708696916853,0.0692038537154402,0.0,0.190452301969904,4.0
PR-XmXZWF,1.76,2.01193248470579,0.0957669647037151,0.0,0.15610226707716,5.0
PR-XDaSGk,3.99,2.02855891738635,0.0039892765096034,0.0,0.0374244580153652,1.0
PR-7D6zg7,1.29,2.05218116923181,0.0182802777562866,0.0,0.0867360417629916,2.0
PR-8Z4m6i,4.2,2.07633735356704,0.174449179469537,0.0,0.263124148720071,5.0
PR-8XsYih,1.55,1.99986716771859,0.0,0.0,0.0,0.0
PR-7eCkVg,0.66,2.18950806675286,0.0891262792761039,0.0,0.265961623068573,10.0
PR-jU9Qik,1.17,2.03981366383713,0.0057157726742342,0.0,0.0243333712629346,0.0
PR-1KtKNh,31.5,1.9482556389699,0.0620626575238135,0.0,0.0680130361926745,2.0
PR-0p3nvU,1.86,1.76554742047577,0.245330054224026,0.0,0.384719159371564,14.0
PR-LmNm2B,2.84,2.08545262245471,0.0626604483535555,0.0,0.193869445046674,7.0
PR-3L6oOj,4.13,2.29245877875416,0.0590616023139206,0.0,0.27217884737248,11.0
PR-hz54pd,3.46,2.23064178727912,0.0111027536453133,0.0,0.248848028873194,9.0
PR-jxcWCl,1.19,2.05499099226008,0.0015886053928955,0.0,0.0584833884300975,2.0
PR-oi7HVZ,1.11,1.99258990013266,0.146630714025809,0.0,0.248950308423084,13.0
PR-21pydG,3.72,2.02411008511569,0.0078845961389636,0.0,0.0288523194284841,0.0
PR-vuRAsN,5.08,1.99647370731544,0.0036724630152095,0.0,0.0043710482998207,0.0
PR-W05ZUE,3.78,2.58674940776895,0.180696882489167,0.0,0.572390083992108,24.0
PR-wwQB7j,2.86,1.99899607425382,0.0014264716592485,0.0,0.0015030987815023,0.0
