DepMap_ID,p53,RAD51,DepMap_ID_norm,PR_ID_norm,WGD
ACH-000004,-0.1065961955162391,4.85598969730848,ACH-000004,PR-DGBP1M,oui
ACH-000004,-0.1065961955162391,4.85598969730848,ACH-000004,PR-RZU8KD,oui
ACH-000005,0.0042917505041772,5.7713574089905615,ACH-000005,PR-7DTCVD,oui
ACH-000005,0.0042917505041772,5.7713574089905615,ACH-000005,PR-DPW9OL,oui
ACH-000005,0.0042917505041772,5.7713574089905615,ACH-000005,PR-ZMEDE0,oui
ACH-000007,0.6525115059385577,4.104336659814735,ACH-000007,PR-XBYMRS,non
ACH-000009,-0.2591779889894001,4.85598969730848,ACH-000009,PR-2TYUX5,oui
ACH-000009,-0.2591779889894001,4.85598969730848,ACH-000009,PR-LZ47PG,oui
ACH-000011,1.1730035430431962,2.799087306074004,ACH-000011,PR-YG65FA,oui
ACH-000012,0.0205266352670552,4.118525848935668,ACH-000012,PR-SRIORA,oui
ACH-000012,0.0205266352670552,4.118525848935668,ACH-000012,PR-ANC3MY,oui
ACH-000013,-0.0167318206898311,4.765004246250036,ACH-000013,PR-S6XFW4,oui
ACH-000013,-0.0167318206898311,4.765004246250036,ACH-000013,PR-YFRI6X,oui
ACH-000014,1.4976859850223558,3.097610796626422,ACH-000014,PR-OLJ6GO,oui
ACH-000017,0.0288669866482771,5.117279460053921,ACH-000017,PR-44UGOS,oui
ACH-000018,0.029142815932093,5.12267271882414,ACH-000018,PR-YX8AAK,oui
ACH-000018,0.029142815932093,5.12267271882414,ACH-000018,PR-GCYY2L,oui
ACH-000019,0.5870436241960788,4.0900065299038175,ACH-000019,PR-NO7VWQ,oui
ACH-000019,0.5870436241960788,4.0900065299038175,ACH-000019,PR-SJNFT9,oui
ACH-000019,0.5870436241960788,4.0900065299038175,ACH-000019,PR-VLTXHP,oui
ACH-000021,0.0384919283710613,3.9457949567400608,ACH-000021,PR-7ZN9JP,oui
ACH-000021,0.0384919283710613,3.9457949567400608,ACH-000021,PR-EVFKJZ,oui
ACH-000022,0.1407748692078946,3.802193216941825,ACH-000022,PR-A0TOIQ,oui
ACH-000022,0.1407748692078946,3.802193216941825,ACH-000022,PR-XCYXTZ,oui
ACH-000024,-0.0115358717371043,3.593353770980297,ACH-000024,PR-PLVTVW,oui
ACH-000024,-0.0115358717371043,3.593353770980297,ACH-000024,PR-AMM3ZQ,oui
ACH-000025,-0.145542690445011,4.428276414392509,ACH-000025,PR-AT5O0P,oui
ACH-000028,0.6176638428317864,4.4356285940520905,ACH-000028,PR-LWCPSZ,oui
ACH-000029,0.062820255572052,3.3868109464722167,ACH-000029,PR-CQHV2J,oui
ACH-000030,-0.4149417046290609,3.871843648509318,ACH-000030,PR-X8SCBT,oui
ACH-000030,-0.4149417046290609,3.871843648509318,ACH-000030,PR-PODIAB,oui
ACH-000035,-0.0693366768140652,4.828834649468056,ACH-000035,PR-JSUJXV,oui
ACH-000035,-0.0693366768140652,4.828834649468056,ACH-000035,PR-GVEJHZ,oui
ACH-000036,0.7217685823246354,3.324810603420484,ACH-000036,PR-53YU7G,oui
ACH-000036,0.7217685823246354,3.324810603420484,ACH-000036,PR-5PZ3PE,oui
ACH-000037,0.1521743220657886,3.881664619320345,ACH-000037,PR-CNTFXE,oui
ACH-000039,-0.05430761445463,4.623515741490549,ACH-000039,PR-TGNS2W,non
ACH-000040,0.4998231123946811,4.841469999465799,ACH-000040,PR-562G0G,oui
ACH-000041,0.2689159221474684,4.850999394716474,ACH-000041,PR-C4VJHK,oui
ACH-000041,0.2689159221474684,4.850999394716474,ACH-000041,PR-EBX2PQ,oui
ACH-000042,-0.0535258343150243,3.4802651220544627,ACH-000042,PR-DMHCFE,oui
ACH-000042,-0.0535258343150243,3.4802651220544627,ACH-000042,PR-VQ5EEE,oui
ACH-000045,0.7017492169972606,4.804260115634738,ACH-000045,PR-4L7Y7C,non
ACH-000048,0.2416752572898397,4.2539892662307865,ACH-000048,PR-ZRKQJO,oui
ACH-000048,0.2416752572898397,4.2539892662307865,ACH-000048,PR-KYEOP9,oui
ACH-000052,0.0419566650009432,5.2861418728343015,ACH-000052,PR-CZPORM,non
ACH-000052,0.0419566650009432,5.2861418728343015,ACH-000052,PR-GCB400,oui
ACH-000052,0.0419566650009432,5.2861418728343015,ACH-000052,PR-XZ0NKH,non
ACH-000053,0.3319482203275171,5.102238193930738,ACH-000053,PR-XMXZWF,non
ACH-000054,1.2066562109175392,4.198494153639083,ACH-000054,PR-240V4W,non
ACH-000055,0.3424554075191952,4.530445354692906,ACH-000055,PR-ZR0JBJ,non
ACH-000060,0.111837268565504,4.954196310386875,ACH-000060,PR-3F91XT,non
ACH-000067,-0.0289350139515471,4.16430358309365,ACH-000067,PR-GZKVWH,non
ACH-000070,0.6847038697340839,5.021479727410452,ACH-000070,PR-G96FHP,non
ACH-000074,0.2326933879166924,4.797531839571962,ACH-000074,PR-RGCMOY,oui
ACH-000074,0.2326933879166924,4.797531839571962,ACH-000074,PR-0C2LNY,oui
ACH-000075,0.8442132783666936,4.369466483650723,ACH-000075,PR-L4JGXA,non
ACH-000076,0.0775608299157001,4.746850183098051,ACH-000076,PR-8Q87BY,oui
ACH-000076,0.0775608299157001,4.746850183098051,ACH-000076,PR-TRX6QN,oui
ACH-000077,0.7045999290902057,5.062208077560245,ACH-000077,PR-0H05VY,non
ACH-000077,0.7045999290902057,5.062208077560245,ACH-000077,PR-30ICKX,non
ACH-000078,0.6625966243326953,3.41006969175638,ACH-000078,PR-R0B4CZ,non
ACH-000082,0.0795826134394196,5.107269393592545,ACH-000082,PR-XXY3AP,oui
ACH-000082,0.0795826134394196,5.107269393592545,ACH-000082,PR-1JU43A,oui
ACH-000085,0.2115355999446857,4.358958825832329,ACH-000085,PR-6OLVAX,oui
ACH-000085,0.2115355999446857,4.358958825832329,ACH-000085,PR-IK1NQP,oui
ACH-000086,0.2306321890906226,4.737145919776202,ACH-000086,PR-EQDPB5,oui
ACH-000086,0.2306321890906226,4.737145919776202,ACH-000086,PR-MKGNRD,oui
ACH-000087,0.1286579751888272,5.110196177754199,ACH-000087,PR-HN4FOZ,non
ACH-000087,0.1286579751888272,5.110196177754199,ACH-000087,PR-BFKP19,non
ACH-000092,0.0785138284182987,4.937344392150233,ACH-000092,PR-U3PZT9,oui
ACH-000093,2.104001850738933,4.169123281476757,ACH-000093,PR-SWG0HH,oui
ACH-000096,2.259336461185148,4.718087583960517,ACH-000096,PR-R3HXM0,non
ACH-000096,2.259336461185148,4.718087583960517,ACH-000096,PR-OSNEV7,non
ACH-000096,2.259336461185148,4.718087583960517,ACH-000096,PR-PYHFY7,non
ACH-000097,1.0981739623940032,4.147306698780294,ACH-000097,PR-HJCEXB,oui
ACH-000097,1.0981739623940032,4.147306698780294,ACH-000097,PR-UP1TUS,oui
ACH-000098,-0.003430258950391,4.752213367865143,ACH-000098,PR-HZEIFO,oui
ACH-000099,0.5785811998238709,4.681449265314958,ACH-000099,PR-4MCOFQ,non
ACH-000099,0.5785811998238709,4.681449265314958,ACH-000099,PR-QSWCPE,non
ACH-000099,0.5785811998238709,4.681449265314958,ACH-000099,PR-UUWC6D,non
ACH-000101,0.2204364279498077,5.433627167084783,ACH-000101,PR-3FPUNT,non
ACH-000101,0.2204364279498077,5.433627167084783,ACH-000101,PR-ERMWZJ,non
ACH-000108,-0.0428198087105757,4.095924419998536,ACH-000108,PR-GQNHEN,oui
ACH-000111,-0.0652070709198395,3.969012307516316,ACH-000111,PR-V9P7AN,oui
ACH-000113,0.8811696508207424,4.646738698307846,ACH-000113,PR-X05CZT,non
ACH-000113,0.8811696508207424,4.646738698307846,ACH-000113,PR-ITLG7X,non
ACH-000114,0.1421780800379442,2.3045110418099526,ACH-000114,PR-NQ0Q5F,oui
ACH-000114,0.1421780800379442,2.3045110418099526,ACH-000114,PR-CISKZW,oui
ACH-000115,0.1825558845747374,3.747387399652718,ACH-000115,PR-ZLHVP0,oui
ACH-000116,0.1305814491014404,4.694323060125386,ACH-000116,PR-EJK0ZK,oui
ACH-000118,0.150353475937382,4.51096191927738,ACH-000118,PR-EY4YYH,non
ACH-000120,0.6157282690054285,4.667892125230234,ACH-000120,PR-MYGVBI,non
ACH-000123,0.965185386000014,4.308156975114762,ACH-000123,PR-44QNXX,non
ACH-000123,0.965185386000014,4.308156975114762,ACH-000123,PR-EFSHRO,non
ACH-000127,0.1804605490684517,3.899175630480513,ACH-000127,PR-MDHIPK,oui
ACH-000127,0.1804605490684517,3.899175630480513,ACH-000127,PR-TGHTML,oui
ACH-000128,0.0231253457927191,4.477677327565307,ACH-000128,PR-D2AXQ2,oui
ACH-000128,0.0231253457927191,4.477677327565307,ACH-000128,PR-OQZKYM,oui
ACH-000132,0.038455471012436,3.995484518877507,ACH-000132,PR-PZ76CI,oui
ACH-000132,0.038455471012436,3.995484518877507,ACH-000132,PR-UJVCEY,oui
ACH-000132,0.038455471012436,3.995484518877507,ACH-000132,PR-KXBTVC,oui
ACH-000133,0.0342789861298182,4.521050736900963,ACH-000133,PR-E7YKXF,oui
ACH-000137,0.1589961084181918,3.625270489374693,ACH-000137,PR-CSN5AL,oui
ACH-000138,-0.0068478974517722,3.311793717753649,ACH-000138,PR-WGUZDJ,oui
ACH-000141,-0.0118330190209395,4.663344619366085,ACH-000141,PR-6AVZGM,oui
ACH-000142,-0.0083545894269675,5.422233000683048,ACH-000142,PR-7NLITI,oui
ACH-000142,-0.0083545894269675,5.422233000683048,ACH-000142,PR-FLLEIF,oui
ACH-000145,-0.0984935463755602,4.317593504623472,ACH-000145,PR-STBMSM,oui
ACH-000146,0.0688633293650391,4.895787316463311,ACH-000146,PR-TLMNNU,non
ACH-000147,0.264714540285346,4.718087583960517,ACH-000147,PR-QZQMZX,oui
ACH-000147,0.264714540285346,4.718087583960517,ACH-000147,PR-JDORBA,oui
ACH-000148,0.2802805640979117,4.213347281733441,ACH-000148,PR-Q3RMRL,oui
ACH-000148,0.2802805640979117,4.213347281733441,ACH-000148,PR-H1JXJL,oui
ACH-000148,0.2802805640979117,4.213347281733441,ACH-000148,PR-HYGSTE,oui
ACH-000150,0.0853803574434441,4.55581615506164,ACH-000150,PR-ZJOFUM,oui
ACH-000150,0.0853803574434441,4.55581615506164,ACH-000150,PR-ZOO4OK,oui
ACH-000151,0.3517838955422484,5.501757585738664,ACH-000151,PR-BZ57NU,non
ACH-000151,0.3517838955422484,5.501757585738664,ACH-000151,PR-RCSB4Y,non
ACH-000152,0.0281786100097599,4.758622982440239,ACH-000152,PR-K0KOCW,oui
ACH-000152,0.0281786100097599,4.758622982440239,ACH-000152,PR-K6MCJA,oui
ACH-000153,1.2632304078960577,3.944858445807539,ACH-000153,PR-MTTOD9,oui
ACH-000159,0.8878453848255159,4.60229058486114,ACH-000159,PR-WXB2SJ,oui
ACH-000159,0.8878453848255159,4.60229058486114,ACH-000159,PR-CTNBQ9,oui
ACH-000163,0.0614121697203834,5.04220656012069,ACH-000163,PR-JUZE1L,oui
ACH-000163,0.0614121697203834,5.04220656012069,ACH-000163,PR-XELDKA,oui
ACH-000164,0.0976617138626504,4.892391025913404,ACH-000164,PR-TM9GPE,oui
ACH-000167,0.3208464852721368,4.463360885816658,ACH-000167,PR-Y1K7VE,non
ACH-000168,0.1784114381179173,5.040015678847879,ACH-000168,PR-CJKGF5,non
ACH-000169,0.3176794542638529,5.429281193335658,ACH-000169,PR-DIGRQN,oui
ACH-000169,0.3176794542638529,5.429281193335658,ACH-000169,PR-0QGHSP,non
ACH-000174,0.0204730854171066,3.953265239014844,ACH-000174,PR-NI2MCH,oui
ACH-000174,0.0204730854171066,3.953265239014844,ACH-000174,PR-RPKXDW,oui
ACH-000178,0.0186896113766285,3.62993940943954,ACH-000178,PR-SMZ5RK,oui
ACH-000178,0.0186896113766285,3.62993940943954,ACH-000178,PR-JAUVNO,oui
ACH-000182,-0.0704642710492383,3.978195629681652,ACH-000182,PR-SJO4IZ,non
ACH-000183,0.1706936407989535,4.062639828286463,ACH-000183,PR-HPNL5A,oui
ACH-000183,0.1706936407989535,4.062639828286463,ACH-000183,PR-KAER3I,non
ACH-000187,0.1645239794770841,4.160274831408593,ACH-000187,PR-ELEYUV,oui
ACH-000187,0.1645239794770841,4.160274831408593,ACH-000187,PR-JEDDGL,oui
ACH-000188,0.098987845345763,4.04176864995163,ACH-000188,PR-HLXQVX,oui
ACH-000188,0.098987845345763,4.04176864995163,ACH-000188,PR-QJRHU6,oui
ACH-000189,1.81385334647322,4.472487771462744,ACH-000189,PR-OGNFWK,oui
ACH-000190,0.1343335246564113,3.743084055549586,ACH-000190,PR-8YU9YJ,oui
ACH-000191,0.1817849741689982,2.823749360308273,ACH-000191,PR-S35CHM,oui
ACH-000198,0.6205340114359035,4.622930350920177,ACH-000198,PR-SJ5BHS,non
ACH-000198,0.6205340114359035,4.622930350920177,ACH-000198,PR-QHFI2E,non
ACH-000200,2.490412621991434,4.161887682376894,ACH-000200,PR-V1URNX,oui
ACH-000200,2.490412621991434,4.161887682376894,ACH-000200,PR-JTY4AG,oui
ACH-000202,0.0135486656615709,4.143230134776893,ACH-000202,PR-YKAWHQ,oui
ACH-000202,0.0135486656615709,4.143230134776893,ACH-000202,PR-LMPNPP,oui
ACH-000204,0.2949623119297498,2.7441610955704103,ACH-000204,PR-YBKTES,oui
ACH-000204,0.2949623119297498,2.7441610955704103,ACH-000204,PR-BOYB4U,oui
ACH-000206,0.2406492743989675,4.69655030107857,ACH-000206,PR-KMC4EV,non
ACH-000207,-0.1281723571223445,5.111865963867557,ACH-000207,PR-DACP7A,oui
ACH-000207,-0.1281723571223445,5.111865963867557,ACH-000207,PR-INP5WO,oui
ACH-000209,1.7756351824122991,2.5459683691052923,ACH-000209,PR-WHOIZN,oui
ACH-000211,0.0754398589718612,4.888499735514123,ACH-000211,PR-HBKCFU,oui
ACH-000211,0.0754398589718612,4.888499735514123,ACH-000211,PR-LNN01M,oui
ACH-000212,-0.1649306614387124,3.4867143730307024,ACH-000212,PR-DENGUS,oui
ACH-000212,-0.1649306614387124,3.4867143730307024,ACH-000212,PR-A2KG84,oui
ACH-000215,0.4367264653447504,4.448240225216066,ACH-000215,PR-7B4JAS,oui
ACH-000215,0.4367264653447504,4.448240225216066,ACH-000215,PR-YS6DSK,oui
ACH-000216,0.1377647262188876,3.963474123974886,ACH-000216,PR-57BESX,oui
ACH-000217,-0.0315156483283561,4.124328135002202,ACH-000217,PR-S4T9BW,oui
ACH-000217,-0.0315156483283561,4.124328135002202,ACH-000217,PR-RK6CBC,oui
ACH-000217,-0.0315156483283561,4.124328135002202,ACH-000217,PR-YPBJRA,oui
ACH-000219,0.4891283347068343,4.628773595201645,ACH-000219,PR-Q9XGCX,oui
ACH-000219,0.4891283347068343,4.628773595201645,ACH-000219,PR-YYIRLB,oui
ACH-000221,-0.0125331610232255,4.581953750848818,ACH-000221,PR-TDY360,oui
ACH-000221,-0.0125331610232255,4.581953750848818,ACH-000221,PR-L4AIPW,oui
ACH-000222,-0.0024510739941721,2.790772037862,ACH-000222,PR-QTRKJP,oui
ACH-000223,0.1875827850627844,5.492494151679432,ACH-000223,PR-ETSR5L,oui
ACH-000226,0.4694983044907046,4.313245851787562,ACH-000226,PR-9BYEKO,non
ACH-000226,0.4694983044907046,4.313245851787562,ACH-000226,PR-ETM41Q,non
ACH-000228,-0.1018475316020307,4.135863165368679,ACH-000228,PR-BTFGWN,oui
ACH-000228,-0.1018475316020307,4.135863165368679,ACH-000228,PR-FSQXV3,oui
ACH-000228,-0.1018475316020307,4.135863165368679,ACH-000228,PR-RANXTI,oui
ACH-000231,-0.1748488901102554,4.533563348214512,ACH-000231,PR-WONM20,oui
ACH-000231,-0.1748488901102554,4.533563348214512,ACH-000231,PR-34LUYW,oui
ACH-000232,0.2918003999705117,3.187451054027326,ACH-000232,PR-U4KN2I,oui
ACH-000232,0.2918003999705117,3.187451054027326,ACH-000232,PR-2VGKNC,oui
ACH-000232,0.2918003999705117,3.187451054027326,ACH-000232,PR-KYHOAO,oui
ACH-000233,0.2968103593219279,3.7495342676692616,ACH-000233,PR-BR1UY1,oui
ACH-000233,0.2968103593219279,3.7495342676692616,ACH-000233,PR-PC7OQJ,oui
ACH-000234,0.8294169409670301,4.582556003014061,ACH-000234,PR-CPW7AT,oui
ACH-000235,0.1607756489643801,4.684257705058931,ACH-000235,PR-UEVRA5,oui
ACH-000235,0.1607756489643801,4.684257705058931,ACH-000235,PR-YYBW7Y,oui
ACH-000235,0.1607756489643801,4.684257705058931,ACH-000235,PR-OIVE4Y,oui
ACH-000237,0.0800108746495547,3.414135532984451,ACH-000237,PR-HM4HT6,oui
ACH-000238,-0.1219119503020688,3.91169158187234,ACH-000238,PR-1JLFJO,oui
ACH-000238,-0.1219119503020688,3.91169158187234,ACH-000238,PR-EZ1RNY,oui
ACH-000243,-0.0728911322371664,3.8698714061777126,ACH-000243,PR-YCTSEM,oui
ACH-000244,2.771190626844916,4.439623137557117,ACH-000244,PR-O24OV9,non
ACH-000244,2.771190626844916,4.439623137557117,ACH-000244,PR-VPHL4S,non
ACH-000246,2.188553426644564,3.980025300238734,ACH-000246,PR-4KMLYJ,oui
ACH-000246,2.188553426644564,3.980025300238734,ACH-000246,PR-QFXMTN,oui
ACH-000247,0.535869909162456,3.96254902292306,ACH-000247,PR-MLCCEM,non
ACH-000247,0.535869909162456,3.96254902292306,ACH-000247,PR-C7LNAS,non
ACH-000247,0.535869909162456,3.96254902292306,ACH-000247,PR-PGUYA8,non
ACH-000248,0.0279691479631791,5.139551352398794,ACH-000248,PR-AW8YIF,oui
ACH-000248,0.0279691479631791,5.139551352398794,ACH-000248,PR-7WFZWS,oui
ACH-000249,0.2230329576179709,4.349789870241872,ACH-000249,PR-QE4Z68,non
ACH-000249,0.2230329576179709,4.349789870241872,ACH-000249,PR-GCW6EJ,non
ACH-000250,-0.0411599141682218,4.963936452144486,ACH-000250,PR-VG2XL6,oui
ACH-000250,-0.0411599141682218,4.963936452144486,ACH-000250,PR-ZAI49E,oui
ACH-000251,0.1591260141534063,4.1715271060388135,ACH-000251,PR-CBJ0HG,oui
ACH-000251,0.1591260141534063,4.1715271060388135,ACH-000251,PR-XTY2B8,oui
ACH-000253,0.1882358993935152,5.237257770900372,ACH-000253,PR-M4ZI3X,oui
ACH-000253,0.1882358993935152,5.237257770900372,ACH-000253,PR-YQCBWB,oui
ACH-000255,0.1274842242150687,4.931210274803932,ACH-000255,PR-U5IGY1,oui
ACH-000256,0.0644856898084211,3.289834465177509,ACH-000256,PR-SXPIZB,oui
ACH-000256,0.0644856898084211,3.289834465177509,ACH-000256,PR-XLM7MH,oui
ACH-000257,-0.0694413351978157,3.7070829917717054,ACH-000257,PR-FXYTJS,oui
ACH-000258,0.4724281361687371,3.648465443027314,ACH-000258,PR-8A8VFP,oui
ACH-000258,0.4724281361687371,3.648465443027314,ACH-000258,PR-EDBEAR,oui
ACH-000259,0.4717660900250085,4.934044647112246,ACH-000259,PR-PIRP51,non
ACH-000259,0.4717660900250085,4.934044647112246,ACH-000259,PR-DYGAPJ,non
ACH-000260,0.0910373180969742,3.662205499653616,ACH-000260,PR-WYXK1D,non
ACH-000261,0.1130537340860458,4.908812907739547,ACH-000261,PR-4FG12G,oui
ACH-000261,0.1130537340860458,4.908812907739547,ACH-000261,PR-GRLHRT,oui
ACH-000262,1.4752958172617137,4.108524456778169,ACH-000262,PR-TLSKIU,oui
ACH-000263,0.0302230150575274,3.4369613378336026,ACH-000263,PR-Z7L5N7,non
ACH-000263,0.0302230150575274,3.4369613378336026,ACH-000263,PR-V5GLBW,non
ACH-000264,0.1547725410193418,4.666188489872781,ACH-000264,PR-V6DL4K,oui
ACH-000264,0.1547725410193418,4.666188489872781,ACH-000264,PR-BQENKD,oui
ACH-000265,0.0026878047430127,3.321928094887362,ACH-000265,PR-OQFF1H,oui
ACH-000265,0.0026878047430127,3.321928094887362,ACH-000265,PR-6BCH6P,oui
ACH-000266,0.1584478251869299,3.759155833800272,ACH-000266,PR-OIULTG,oui
ACH-000272,0.4074052144956351,3.125981653854716,ACH-000272,PR-TQUPNF,oui
ACH-000272,0.4074052144956351,3.125981653854716,ACH-000272,PR-X90G4M,oui
ACH-000273,0.1310895539626783,4.484138131201669,ACH-000273,PR-UIW9AY,oui
ACH-000273,0.1310895539626783,4.484138131201669,ACH-000273,PR-WBNZKT,oui
ACH-000274,1.3026432936036092,4.151371776253954,ACH-000274,PR-AFX2RI,non
ACH-000276,0.3564358545722062,4.919816770052789,ACH-000276,PR-XEXQ2Q,oui
ACH-000278,0.154958789815995,4.61882595258744,ACH-000278,PR-ZYTJVT,non
ACH-000279,-0.0132929584993005,5.063071449842679,ACH-000279,PR-UZEOIR,oui
ACH-000279,-0.0132929584993005,5.063071449842679,ACH-000279,PR-VZGMKU,oui
ACH-000280,0.968016191302346,4.486070743735668,ACH-000280,PR-NOX3I9,oui
ACH-000280,0.968016191302346,4.486070743735668,ACH-000280,PR-PDWRO9,oui
ACH-000281,-0.0304653353651765,3.9240998856407416,ACH-000281,PR-KXMRTA,oui
ACH-000281,-0.0304653353651765,3.9240998856407416,ACH-000281,PR-PV4SRX,oui
ACH-000286,-0.1593908385491331,3.951401291674311,ACH-000286,PR-IKEVRD,oui
ACH-000286,-0.1593908385491331,3.951401291674311,ACH-000286,PR-YJPL8R,oui
ACH-000288,-0.1265763272175669,5.04745114041639,ACH-000288,PR-WMJR2G,oui
ACH-000288,-0.1265763272175669,5.04745114041639,ACH-000288,PR-43HONG,oui
ACH-000290,0.1291509079178142,4.851499202461257,ACH-000290,PR-GOM8AR,oui
ACH-000290,0.1291509079178142,4.851499202461257,ACH-000290,PR-S9UZXE,oui
ACH-000291,0.0409472125720197,4.4087118610294285,ACH-000291,PR-OI7HVZ,non
ACH-000291,0.0409472125720197,4.4087118610294285,ACH-000291,PR-TY9IV8,non
ACH-000292,0.0299239265004805,4.28318097894557,ACH-000292,PR-WGYSAM,oui
ACH-000293,0.1669770951895627,3.823749360308273,ACH-000293,PR-CR0HA8,oui
ACH-000294,-0.4298403732440136,5.239550796613645,ACH-000294,PR-FWBKD2,oui
ACH-000294,-0.4298403732440136,5.239550796613645,ACH-000294,PR-XLASFY,oui
ACH-000295,0.0481904422175512,5.637204481902295,ACH-000295,PR-LXDKYI,oui
ACH-000296,-0.127740610903777,4.452858964713811,ACH-000296,PR-S9G3CG,oui
ACH-000302,0.1873041583517368,3.20006486151431,ACH-000302,PR-KOORZM,oui
ACH-000302,0.1873041583517368,3.20006486151431,ACH-000302,PR-WA2XOE,oui
ACH-000303,0.0147423716280749,4.600507645345786,ACH-000303,PR-JCUIUZ,oui
ACH-000304,1.443578125785929,3.907852071845964,ACH-000304,PR-NNDH3Y,non
ACH-000304,1.443578125785929,3.907852071845964,ACH-000304,PR-711HBZ,non
ACH-000304,1.443578125785929,3.907852071845964,ACH-000304,PR-QL2CAO,non
ACH-000305,0.0309680562123794,2.879705766282288,ACH-000305,PR-S9EHO8,oui
ACH-000307,0.1087385676935308,4.791293148592206,ACH-000307,PR-98OHIJ,oui
ACH-000308,0.098167082501294,4.110196177754199,ACH-000308,PR-SBAAMQ,oui
ACH-000308,0.098167082501294,4.110196177754199,ACH-000308,PR-I3VWJE,oui
ACH-000310,0.7503487587147326,4.84749588378871,ACH-000310,PR-ZZJQOA,non
ACH-000311,1.121681811553407,3.853995647176393,ACH-000311,PR-EEWYJQ,non
ACH-000311,1.121681811553407,3.853995647176393,ACH-000311,PR-T2CZVA,oui
ACH-000312,0.1460639548566555,4.833902076669164,ACH-000312,PR-UC3Q5L,non
ACH-000313,0.040690168424303,3.583759753639499,ACH-000313,PR-A8PKRA,non
ACH-000313,0.040690168424303,3.583759753639499,ACH-000313,PR-S7LKMC,non
ACH-000315,0.0375770734665853,4.892391025913404,ACH-000315,PR-MWPYG0,non
ACH-000315,0.0375770734665853,4.892391025913404,ACH-000315,PR-IFYIYR,non
ACH-000316,0.1521479496866474,4.178714641175443,ACH-000316,PR-D9GRN4,non
ACH-000316,0.1521479496866474,4.178714641175443,ACH-000316,PR-V0CO22,non
ACH-000317,0.9579440769575426,3.6678921252302334,ACH-000317,PR-NVBKHU,non
ACH-000318,0.1683401199833103,4.659353759170051,ACH-000318,PR-NKBKQK,oui
ACH-000318,0.1683401199833103,4.659353759170051,ACH-000318,PR-BTDCZB,oui
ACH-000319,0.1198806532795302,4.291308859828971,ACH-000319,PR-69D7JH,oui
ACH-000319,0.1198806532795302,4.291308859828971,ACH-000319,PR-OY1UJM,oui
ACH-000320,-0.1064163955021056,3.8698714061777126,ACH-000320,PR-RLLCNB,oui
ACH-000320,-0.1064163955021056,3.8698714061777126,ACH-000320,PR-CHODDE,oui
ACH-000322,0.4553368593962314,4.607034345948616,ACH-000322,PR-B68TAB,oui
ACH-000323,-0.1807604479523937,4.62702310555406,ACH-000323,PR-UCL778,oui
ACH-000324,0.7260659946290879,4.652486494918165,ACH-000324,PR-NXNKON,oui
ACH-000325,0.1121160682316837,4.392317422778761,ACH-000325,PR-1YSVRM,oui
ACH-000325,0.1121160682316837,4.392317422778761,ACH-000325,PR-ZWKBLK,oui
ACH-000326,0.050133329606602,5.032982416699428,ACH-000326,PR-7C8JB1,non
ACH-000326,0.050133329606602,5.032982416699428,ACH-000326,PR-OAVCTB,non
ACH-000329,0.3658986935703679,5.365272599764531,ACH-000329,PR-8BR5S3,non
ACH-000329,0.3658986935703679,5.365272599764531,ACH-000329,PR-2JWZFN,non
ACH-000330,0.1819416261654728,4.448900951145128,ACH-000330,PR-UFFE7L,oui
ACH-000330,0.1819416261654728,4.448900951145128,ACH-000330,PR-M5OW3U,oui
ACH-000331,0.0729950560721002,4.694323060125386,ACH-000331,PR-FGEHCO,non
ACH-000332,0.0040097394684816,4.542258049766918,ACH-000332,PR-MDRLZU,oui
ACH-000332,0.0040097394684816,4.542258049766918,ACH-000332,PR-ZAXEPM,oui
ACH-000334,0.3939578797881823,4.823749360308272,ACH-000334,PR-QHWU7W,oui
ACH-000334,0.3939578797881823,4.823749360308272,ACH-000334,PR-YEZYVR,oui
ACH-000335,1.0572352369620248,3.12267271882414,ACH-000335,PR-2UDYZY,oui
ACH-000335,1.0572352369620248,3.12267271882414,ACH-000335,PR-4MPXCS,oui
ACH-000336,0.302330914466359,4.823239844131022,ACH-000336,PR-IR9IHK,non
ACH-000337,0.2380888645076227,4.1906148602094975,ACH-000337,PR-GJJWNU,oui
ACH-000339,0.0989933123291131,4.878725341480106,ACH-000339,PR-YBAW2P,oui
ACH-000341,0.3435060217683134,6.004051884507083,ACH-000341,PR-WZJ3LC,non
ACH-000341,0.3435060217683134,6.004051884507083,ACH-000341,PR-LIPQDD,non
ACH-000343,-0.1544635150413341,3.736604875314249,ACH-000343,PR-HJMPMO,oui
ACH-000344,0.225829996618248,3.526068811667588,ACH-000344,PR-7LAE1Z,oui
ACH-000346,0.1575417043528547,3.263034405833794,ACH-000346,PR-MFJYO0,non
ACH-000348,0.2245299469114644,3.824767853143294,ACH-000348,PR-DUOKRE,non
ACH-000350,0.3802945529126175,4.2712762591759255,ACH-000350,PR-NSPGDW,oui
ACH-000352,0.0672181845954193,5.1026581313637385,ACH-000352,PR-V1TFKF,oui
ACH-000352,0.0672181845954193,5.1026581313637385,ACH-000352,PR-OKAXKJ,oui
ACH-000355,0.1732313790583157,5.0785244453890765,ACH-000355,PR-TYXR4O,oui
ACH-000355,0.1732313790583157,5.0785244453890765,ACH-000355,PR-2KNRAO,oui
ACH-000356,0.3057289742226557,5.135863165368679,ACH-000356,PR-3JM0KM,non
ACH-000359,0.0007065837659721,4.527946098908258,ACH-000359,PR-7QUNBJ,oui
ACH-000359,0.0007065837659721,4.527946098908258,ACH-000359,PR-VTS9IC,oui
ACH-000361,1.1688910071481204,3.991861930556323,ACH-000361,PR-WTKQ7J,oui
ACH-000361,1.1688910071481204,3.991861930556323,ACH-000361,PR-P0CUID,oui
ACH-000362,0.6754365010354616,4.770300489499416,ACH-000362,PR-P8UOM2,non
ACH-000362,0.6754365010354616,4.770300489499416,ACH-000362,PR-41UIUA,non
ACH-000363,0.265057892040478,4.37016428054021,ACH-000363,PR-1UO7R0,non
ACH-000363,0.265057892040478,4.37016428054021,ACH-000363,PR-U1G9JO,non
ACH-000364,0.5893649028863346,4.736063627871814,ACH-000364,PR-BHM9QA,oui
ACH-000364,0.5893649028863346,4.736063627871814,ACH-000364,PR-6D53X9,oui
ACH-000365,0.0532366904708672,5.10055722078293,ACH-000365,PR-YKLWOS,non
ACH-000365,0.0532366904708672,5.10055722078293,ACH-000365,PR-WAV5HO,non
ACH-000365,0.0532366904708672,5.10055722078293,ACH-000365,PR-YQAWBV,non
ACH-000366,0.1581257512539549,5.6862203650227325,ACH-000366,PR-4FE2A7,oui
ACH-000366,0.1581257512539549,5.6862203650227325,ACH-000366,PR-H4TOEM,oui
ACH-000368,0.2736744150120362,4.089159131911238,ACH-000368,PR-BKVUEM,oui
ACH-000368,0.2736744150120362,4.089159131911238,ACH-000368,PR-DRCP1N,oui
ACH-000370,0.2623300196663505,3.997292407636508,ACH-000370,PR-GJ5WBU,oui
ACH-000370,0.2623300196663505,3.997292407636508,ACH-000370,PR-WWRXPX,oui
ACH-000371,0.342371638122514,5.434628227636725,ACH-000371,PR-L1DOGO,non
ACH-000371,0.342371638122514,5.434628227636725,ACH-000371,PR-CBUOAH,non
ACH-000374,-0.8016030930939528,5.183486514459391,ACH-000374,PR-TFHPWI,oui
ACH-000374,-0.8016030930939528,5.183486514459391,ACH-000374,PR-LQ2181,oui
ACH-000374,-0.8016030930939528,5.183486514459391,ACH-000374,PR-XEIRBG,oui
ACH-000375,1.8351053995607325,4.429615964201735,ACH-000375,PR-SHEU7X,non
ACH-000375,1.8351053995607325,4.429615964201735,ACH-000375,PR-IG61OV,non
ACH-000376,-0.0122267556532049,3.711494906650088,ACH-000376,PR-LC7RO4,oui
ACH-000376,-0.0122267556532049,3.711494906650088,ACH-000376,PR-BJDNXF,oui
ACH-000376,-0.0122267556532049,3.711494906650088,ACH-000376,PR-PJXHIE,oui
ACH-000377,0.0445490133236401,4.870364719583405,ACH-000377,PR-XROOQD,oui
ACH-000378,0.135000315238834,4.223422549934937,ACH-000378,PR-BTEHU6,oui
ACH-000378,0.135000315238834,4.223422549934937,ACH-000378,PR-TMCDAI,oui
ACH-000381,-0.1072247560224276,4.7692427951405385,ACH-000381,PR-O6PH9B,oui
ACH-000381,-0.1072247560224276,4.7692427951405385,ACH-000381,PR-CO3OM7,oui
ACH-000383,-0.0293496178024365,4.647890091059215,ACH-000383,PR-HS2MVR,oui
ACH-000385,0.4941986488603268,3.588564737401352,ACH-000385,PR-MURINF,oui
ACH-000387,0.0913993407842066,4.700994494168267,ACH-000387,PR-OXY6I8,non
ACH-000389,1.5635332251791365,3.543495883425772,ACH-000389,PR-UVYGFT,oui
ACH-000389,1.5635332251791365,3.543495883425772,ACH-000389,PR-TCTGHM,oui
ACH-000390,0.0560098141215315,4.917909073852982,ACH-000390,PR-EB0GSA,oui
ACH-000391,0.0958677401141753,3.8923910259134034,ACH-000391,PR-BDBLKP,non
ACH-000393,0.1264341762766288,4.525442506018121,ACH-000393,PR-QCDKYN,oui
ACH-000393,0.1264341762766288,4.525442506018121,ACH-000393,PR-RMWWPU,oui
ACH-000395,0.0505424165356961,5.194953795933835,ACH-000395,PR-TD87MH,oui
ACH-000395,0.0505424165356961,5.194953795933835,ACH-000395,PR-VSKNEP,oui
ACH-000397,0.008983689271922,4.646162657157894,ACH-000397,PR-JMDEXQ,oui
ACH-000398,0.0913379632329733,5.5456595400254685,ACH-000398,PR-EUFJMR,non
ACH-000401,-0.125381733003358,5.151777654732053,ACH-000401,PR-FV0WHW,oui
ACH-000401,-0.125381733003358,5.151777654732053,ACH-000401,PR-WO4QLW,oui
ACH-000402,-0.0795342545815005,5.878725341480106,ACH-000402,PR-7D6ZG7,non
ACH-000402,-0.0795342545815005,5.878725341480106,ACH-000402,PR-UKICZK,non
ACH-000403,0.0577806159258592,4.569248029867182,ACH-000403,PR-OQDVQY,oui
ACH-000404,1.1065461906408862,4.212569338850806,ACH-000404,PR-G73UDB,non
ACH-000406,-0.114141241404677,5.521364878446219,ACH-000406,PR-CWSU0L,oui
ACH-000407,0.0166233643918721,3.4342946179599254,ACH-000407,PR-4EPJPY,oui
ACH-000408,0.0542233901767416,3.807354922057604,ACH-000408,PR-LYGO7L,oui
ACH-000408,0.0542233901767416,3.807354922057604,ACH-000408,PR-TBHWLG,oui
ACH-000410,0.3481720148144196,4.718635616271338,ACH-000410,PR-9KA5MY,oui
ACH-000410,0.3481720148144196,4.718635616271338,ACH-000410,PR-KSUYZJ,oui
ACH-000411,1.1276338324997992,4.719731056749852,ACH-000411,PR-SY1TXM,non
ACH-000414,0.8840725661451385,4.078951341394822,ACH-000414,PR-TTBUVY,non
ACH-000414,0.8840725661451385,4.078951341394822,ACH-000414,PR-Z6YGBB,non
ACH-000415,-0.1335074890373819,2.889473542531109,ACH-000415,PR-KEEVHG,oui
ACH-000416,0.0943445819139815,4.544732655932624,ACH-000416,PR-ZMVPXL,oui
ACH-000416,0.0943445819139815,4.544732655932624,ACH-000416,PR-NUWKI8,oui
ACH-000417,0.024172526545637,5.571373435973201,ACH-000417,PR-Q9VMGQ,oui
ACH-000420,0.1950254974346666,4.4121040446775694,ACH-000420,PR-URWKAD,non
ACH-000420,0.1950254974346666,4.4121040446775694,ACH-000420,PR-AIAKPA,oui
ACH-000421,0.1535493904198722,5.219942913954125,ACH-000421,PR-FXTRKB,non
ACH-000421,0.1535493904198722,5.219942913954125,ACH-000421,PR-IXWZLB,non
ACH-000422,-0.0174675095611278,4.419538891513785,ACH-000422,PR-LUKRL8,oui
ACH-000422,-0.0174675095611278,4.419538891513785,ACH-000422,PR-Z29WNC,oui
ACH-000424,0.2636882413429433,4.744699314207836,ACH-000424,PR-D3GT2J,oui
ACH-000424,0.2636882413429433,4.744699314207836,ACH-000424,PR-MT2HBQ,oui
ACH-000425,1.7408790041734674,3.45022149589718,ACH-000425,PR-FBZKPA,oui
ACH-000427,0.213033634451198,4.868884273028773,ACH-000427,PR-ISWISO,non
ACH-000431,0.2701016510854859,4.604664415163704,ACH-000431,PR-X0YKWZ,oui
ACH-000433,1.1711570057186849,3.04788732939655,ACH-000433,PR-DWEHDO,oui
ACH-000434,-0.0781207753654919,3.734438666137167,ACH-000434,PR-14SBTC,oui
ACH-000434,-0.0781207753654919,3.734438666137167,ACH-000434,PR-YHYTRF,oui
ACH-000435,0.2657345301346812,3.349082146391089,ACH-000435,PR-APL6OJ,oui
ACH-000435,0.2657345301346812,3.349082146391089,ACH-000435,PR-DTISTW,oui
ACH-000436,0.7229452081646756,2.6848187375532224,ACH-000436,PR-KSTFT1,oui
ACH-000437,-0.020235442092372,4.232660756790275,ACH-000437,PR-OQ1HW5,oui
ACH-000437,-0.020235442092372,4.232660756790275,ACH-000437,PR-HZ1B6P,oui
ACH-000438,0.011787030351944,4.0925457415435655,ACH-000438,PR-3QS75A,oui
ACH-000441,0.5812217081129897,3.653060017104565,ACH-000441,PR-2VKF8J,non
ACH-000444,0.3883341703726304,4.753818443173543,ACH-000444,PR-JVQXPE,oui
ACH-000444,0.3883341703726304,4.753818443173543,ACH-000444,PR-BEUNI1,oui
ACH-000445,-0.1978905477357404,4.8594726668519375,ACH-000445,PR-F67WG7,oui
ACH-000448,0.6925490344597416,3.673556423990145,ACH-000448,PR-FEODHG,oui
ACH-000448,0.6925490344597416,3.673556423990145,ACH-000448,PR-NQFP9A,oui
ACH-000450,1.0669955403553109,4.621172752683435,ACH-000450,PR-CRT33X,oui
ACH-000452,0.1607056545884329,4.025028794491522,ACH-000452,PR-MP8KTG,oui
ACH-000452,0.1607056545884329,4.025028794491522,ACH-000452,PR-TJWDFV,oui
ACH-000452,0.1607056545884329,4.025028794491522,ACH-000452,PR-IHNPL9,oui
ACH-000454,-0.0505665929938464,5.279471295644468,ACH-000454,PR-OPYJGD,oui
ACH-000455,-0.0085634452949961,3.0303360783709588,ACH-000455,PR-NKNZNH,oui
ACH-000455,-0.0085634452949961,3.0303360783709588,ACH-000455,PR-WVHYSQ,oui
ACH-000456,0.0304811686397939,1.1953475983222193,ACH-000456,PR-LCLYDT,oui
ACH-000456,0.0304811686397939,1.1953475983222193,ACH-000456,PR-IHEUKO,oui
ACH-000459,0.6390414578001629,5.24069594421251,ACH-000459,PR-MFJHSH,non
ACH-000461,-0.0218594376495157,4.412781525338476,ACH-000461,PR-6CGJNW,oui
ACH-000463,0.6864411355573994,4.331275267146615,ACH-000463,PR-0LYTUJ,oui
ACH-000463,0.6864411355573994,4.331275267146615,ACH-000463,PR-UUJ3DY,oui
ACH-000464,-0.0843744588413063,2.1176950426697547,ACH-000464,PR-SKTS2P,oui
ACH-000464,-0.0843744588413063,2.1176950426697547,ACH-000464,PR-JIMJXK,oui
ACH-000466,0.2025503036322422,4.161887682376894,ACH-000466,PR-TRWLMT,oui
ACH-000466,0.2025503036322422,4.161887682376894,ACH-000466,PR-WBTPBE,oui
ACH-000467,-0.041737105914313,4.323370069061268,ACH-000467,PR-W2EVP5,oui
ACH-000468,-0.0920837164854422,4.143230134776893,ACH-000468,PR-FNIGIY,oui
ACH-000469,0.1512841146476765,4.329123596291566,ACH-000469,PR-XQU6XJ,oui
ACH-000470,-0.1104405738868121,4.317593504623472,ACH-000470,PR-RT7OJV,oui
ACH-000470,-0.1104405738868121,4.317593504623472,ACH-000470,PR-3LN258,oui
ACH-000471,0.1432789486554332,4.875780063068488,ACH-000471,PR-O604SG,oui
ACH-000472,0.074952512195435,3.007195501404204,ACH-000472,PR-URUS9X,oui
ACH-000473,0.3950092961599275,5.226123143125237,ACH-000473,PR-EVLXSQ,non
ACH-000475,0.1825044454921137,4.25171909260596,ACH-000475,PR-9GCP8Z,oui
ACH-000475,0.1825044454921137,4.25171909260596,ACH-000475,PR-XVKZZ3,oui
ACH-000476,0.0516364895828243,3.218781167784069,ACH-000476,PR-USYVU2,oui
ACH-000477,1.1255172062348444,4.854494418154875,ACH-000477,PR-DR1DGB,oui
ACH-000477,1.1255172062348444,4.854494418154875,ACH-000477,PR-GJPOBH,oui
ACH-000478,0.1585662111584865,4.484138131201669,ACH-000478,PR-KFGLP0,oui
ACH-000480,0.1822881322071988,4.547819956577703,ACH-000480,PR-4ORDIG,oui
ACH-000481,0.1072355747767085,4.030336078370959,ACH-000481,PR-IMLIHH,oui
ACH-000483,0.0777328716949253,4.386121156814855,ACH-000483,PR-2OO4YN,oui
ACH-000483,0.0777328716949253,4.386121156814855,ACH-000483,PR-WTAGZH,oui
ACH-000484,0.1789440824746138,3.297191416565856,ACH-000484,PR-VCT1GT,non
ACH-000485,0.904471314249472,3.3291235962915664,ACH-000485,PR-L0YELY,oui
ACH-000486,1.0742930084914335,4.192983169973992,ACH-000486,PR-NHTU1R,oui
ACH-000486,1.0742930084914335,4.192983169973992,ACH-000486,PR-1CYINN,oui
ACH-000487,0.2216594070308467,5.262282806420656,ACH-000487,PR-APRFTM,non
ACH-000487,0.2216594070308467,5.262282806420656,ACH-000487,PR-OXWSU8,non
ACH-000488,0.0034802844133231,5.080657663345225,ACH-000488,PR-IRF5Z2,oui
ACH-000488,0.0034802844133231,5.080657663345225,ACH-000488,PR-H4OMYL,oui
ACH-000489,0.0842372067836142,3.2078928516413328,ACH-000489,PR-CQSOR2,oui
ACH-000490,0.3631480242306537,4.452858964713811,ACH-000490,PR-DLCQHE,oui
ACH-000490,0.3631480242306537,4.452858964713811,ACH-000490,PR-IHY2ZH,oui
ACH-000491,-0.0996832978217646,4.907371413823563,ACH-000491,PR-DRBE6Q,oui
ACH-000493,0.1034005044490071,4.1906148602094975,ACH-000493,PR-PTLF3I,oui
ACH-000495,2.2616867666406755,3.5223068928713888,ACH-000495,PR-FLRMNN,non
ACH-000496,-0.1233543047732579,4.159467729266766,ACH-000496,PR-HCWHIT,oui
ACH-000498,0.5120897551042258,4.624685810525398,ACH-000498,PR-3MR99B,non
ACH-000499,0.1395459189541707,4.900142260359816,ACH-000499,PR-T9BFWK,oui
ACH-000499,0.1395459189541707,4.900142260359816,ACH-000499,PR-PDQTLG,oui
ACH-000499,0.1395459189541707,4.900142260359816,ACH-000499,PR-1B5ABD,oui
ACH-000500,0.2617364004037324,3.8042601156347375,ACH-000500,PR-DOINRY,oui
ACH-000502,0.0828227234043142,4.04788732939655,ACH-000502,PR-452U9P,oui
ACH-000503,0.1028761331744972,3.6158870739160567,ACH-000503,PR-F4SBTR,oui
ACH-000504,0.0122773750809907,4.67072705449947,ACH-000504,PR-MKBLFW,oui
ACH-000505,0.1925601808307102,5.268284666520996,ACH-000505,PR-7GNYAA,oui
ACH-000505,0.1925601808307102,5.268284666520996,ACH-000505,PR-Y7DMB5,oui
ACH-000505,0.1925601808307102,5.268284666520996,ACH-000505,PR-BITQQB,oui
ACH-000507,0.00566127688862,3.538538163629804,ACH-000507,PR-3XRJCO,oui
ACH-000507,0.00566127688862,3.538538163629804,ACH-000507,PR-MADPLA,oui
ACH-000510,0.2321156846698801,4.895787316463311,ACH-000510,PR-UOVEIJ,oui
ACH-000510,0.2321156846698801,4.895787316463311,ACH-000510,PR-GHIUXO,oui
ACH-000511,0.2812380200758813,4.71259578044703,ACH-000511,PR-FB1KNY,oui
ACH-000511,0.2812380200758813,4.71259578044703,ACH-000511,PR-T7VCY2,oui
ACH-000512,-0.0155770657566935,5.439290681042018,ACH-000512,PR-BQL0CQ,oui
ACH-000514,0.2144927209260146,3.78345665436024,ACH-000514,PR-3WQTHC,oui
ACH-000514,0.2144927209260146,3.78345665436024,ACH-000514,PR-CU6ICV,oui
ACH-000514,0.2144927209260146,3.78345665436024,ACH-000514,PR-GYY0VS,oui
ACH-000516,-0.1134431549095129,4.808899839257769,ACH-000516,PR-VAXVTG,oui
ACH-000517,0.0506769028764652,3.48155728070859,ACH-000517,PR-ENI2EE,oui
ACH-000518,-0.0449710969617397,4.180307019969433,ACH-000518,PR-TZMB0X,non
ACH-000520,0.2235308226158064,2.817623257511431,ACH-000520,PR-HPHVBK,oui
ACH-000520,0.2235308226158064,2.817623257511431,ACH-000520,PR-UKY2TK,oui
ACH-000521,0.0539214432342955,5.258895755075436,ACH-000521,PR-PD0UCW,oui
ACH-000521,0.0539214432342955,5.258895755075436,ACH-000521,PR-YLN1TB,oui
ACH-000522,0.1951778519927609,4.308885057411763,ACH-000522,PR-RELFPU,oui
ACH-000522,0.1951778519927609,4.308885057411763,ACH-000522,PR-8YVNSJ,oui
ACH-000524,-0.0575266041630823,3.356143810225275,ACH-000524,PR-XCR90Y,oui
ACH-000524,-0.0575266041630823,3.356143810225275,ACH-000524,PR-ADTLBV,oui
ACH-000525,0.0642909638405534,4.618238655595454,ACH-000525,PR-R1ZAYG,non
ACH-000525,0.0642909638405534,4.618238655595454,ACH-000525,PR-MILDLE,oui
ACH-000527,0.9130977815406416,2.560714954474479,ACH-000527,PR-UC7QTJ,oui
ACH-000527,0.9130977815406416,2.560714954474479,ACH-000527,PR-VKDITZ,oui
ACH-000527,0.9130977815406416,2.560714954474479,ACH-000527,PR-EIRIJL,oui
ACH-000528,0.0419785225014897,4.698774108903683,ACH-000528,PR-9PR7ZE,oui
ACH-000533,1.260374028519934,4.166715444966423,ACH-000533,PR-6YTKOV,non
ACH-000533,1.260374028519934,4.166715444966423,ACH-000533,PR-KKTYCR,non
ACH-000535,0.1822320930333819,5.3826672527450405,ACH-000535,PR-3ID9KV,oui
ACH-000537,0.1144230078170851,3.886550147324343,ACH-000537,PR-XQBHHH,non
ACH-000541,-0.1735071305760365,5.4682574683231415,ACH-000541,PR-G4OKYY,oui
ACH-000541,-0.1735071305760365,5.4682574683231415,ACH-000541,PR-YPH1OU,oui
ACH-000542,0.8562148999977591,4.297191416565856,ACH-000542,PR-PTADWB,oui
ACH-000542,0.8562148999977591,4.297191416565856,ACH-000542,PR-UXEZNY,oui
ACH-000544,-0.0330234404409262,4.578938713093386,ACH-000544,PR-DRFATD,oui
ACH-000544,-0.0330234404409262,4.578938713093386,ACH-000544,PR-6CQSP2,oui
ACH-000545,0.004586220669069,4.12267271882414,ACH-000545,PR-AEDGHF,oui
ACH-000545,0.004586220669069,4.12267271882414,ACH-000545,PR-AEFSAE,oui
ACH-000547,1.059080416089826,5.089159131911238,ACH-000547,PR-VVDPP0,oui
ACH-000548,0.1692511604407322,4.013462259806563,ACH-000548,PR-E5M02G,oui
ACH-000548,0.1692511604407322,4.013462259806563,ACH-000548,PR-EXCH50,oui
ACH-000549,-0.0698087861842388,3.2433644256936605,ACH-000549,PR-RQMK4Y,oui
ACH-000550,0.0212528846348419,4.218006150284427,ACH-000550,PR-IOJFDI,oui
ACH-000551,0.1016832924497318,5.835671479481623,ACH-000551,PR-RWJHMK,oui
ACH-000551,0.1016832924497318,5.835671479481623,ACH-000551,PR-MGS8JD,oui
ACH-000552,-0.0138502900177521,4.556429415449573,ACH-000552,PR-D6ZGVP,oui
ACH-000552,-0.0138502900177521,4.556429415449573,ACH-000552,PR-97KRPJ,oui
ACH-000556,-0.0298796868013954,4.006298023900369,ACH-000556,PR-6LDUF4,oui
ACH-000556,-0.0298796868013954,4.006298023900369,ACH-000556,PR-E0E2UF,oui
ACH-000557,0.1824975562313802,5.315783574589461,ACH-000557,PR-HZ54PD,non
ACH-000559,0.0424616835037967,4.008092420948722,ACH-000559,PR-DNBVYI,oui
ACH-000559,0.0424616835037967,4.008092420948722,ACH-000559,PR-5FUNEE,oui
ACH-000559,0.0424616835037967,4.008092420948722,ACH-000559,PR-PQYCMP,oui
ACH-000563,-0.1053850486740253,4.685940148445977,ACH-000563,PR-1930G1,oui
ACH-000567,0.2958815215737461,5.880685525261125,ACH-000567,PR-KO9WUU,non
ACH-000570,-0.0381514228559732,3.534808661231747,ACH-000570,PR-YGFAWJ,oui
ACH-000573,-0.0360134055388399,5.278728212938939,ACH-000573,PR-LOPDXR,oui
ACH-000573,-0.0360134055388399,5.278728212938939,ACH-000573,PR-GEOXZ9,non
ACH-000576,-0.0091203864536591,4.008988783227255,ACH-000576,PR-3OIVUO,non
ACH-000576,-0.0091203864536591,4.008988783227255,ACH-000576,PR-OPWKFG,non
ACH-000579,1.0402057903859432,4.5777309314900805,ACH-000579,PR-8ETQ5F,oui
ACH-000580,1.4956469335301363,4.733354340613827,ACH-000580,PR-H2XOKT,non
ACH-000581,0.153394973342625,5.199672344836364,ACH-000581,PR-6MBQJV,oui
ACH-000583,0.0258896940125148,5.816343705284859,ACH-000583,PR-PST5IL,non
ACH-000583,0.0258896940125148,5.816343705284859,ACH-000583,PR-HFQ8SA,non
ACH-000584,0.1798279969827589,5.127220550488074,ACH-000584,PR-WNPEYB,oui
ACH-000584,0.1798279969827589,5.127220550488074,ACH-000584,PR-2LIEYD,oui
ACH-000585,0.0423071863617524,5.61882595258744,ACH-000585,PR-WT0UBI,oui
ACH-000587,0.2052246120839617,4.015247773698937,ACH-000587,PR-SYDSQR,oui
ACH-000587,0.2052246120839617,4.015247773698937,ACH-000587,PR-7M6HYK,oui
ACH-000588,0.0478335870474395,5.249066033855867,ACH-000588,PR-NQXJZS,oui
ACH-000589,-0.1090425027006313,4.9740703670240265,ACH-000589,PR-C96VFO,oui
ACH-000591,-0.0345335630917256,3.727920454563199,ACH-000591,PR-A8EG9O,oui
ACH-000592,0.1608181913291086,5.317593504623472,ACH-000592,PR-DWGEQR,oui
ACH-000593,0.3440959058866898,5.3269687115878925,ACH-000593,PR-WKSGIY,oui
ACH-000595,0.715292366884397,5.032100843167024,ACH-000595,PR-BGUGGC,oui
ACH-000595,0.715292366884397,5.032100843167024,ACH-000595,PR-11IVOL,oui
ACH-000596,-0.1100463132290118,3.7729413378313352,ACH-000596,PR-MVBHDZ,oui
ACH-000596,-0.1100463132290118,3.7729413378313352,ACH-000596,PR-83LP8J,oui
ACH-000597,1.1267014259686154,4.639232163249277,ACH-000597,PR-VURASN,non
ACH-000599,0.3498698947159725,4.538538163629804,ACH-000599,PR-CBDECY,oui
ACH-000599,0.3498698947159725,4.538538163629804,ACH-000599,PR-1KFDQ0,oui
ACH-000599,0.3498698947159725,4.538538163629804,ACH-000599,PR-VE6F3B,oui
ACH-000601,-0.2177055177546046,3.887525270741588,ACH-000601,PR-N6WMX5,oui
ACH-000602,0.2587020828292603,5.24450655139592,ACH-000602,PR-9KOMQP,non
ACH-000602,0.2587020828292603,5.24450655139592,ACH-000602,PR-J4AAE8,non
ACH-000604,0.0363617546694216,5.119771161952904,ACH-000604,PR-NNORVY,non
ACH-000605,-0.148919920233231,4.486714373030702,ACH-000605,PR-DQRFAD,oui
ACH-000605,-0.148919920233231,4.486714373030702,ACH-000605,PR-F6Q8ZJ,oui
ACH-000605,-0.148919920233231,4.486714373030702,ACH-000605,PR-PEOUIH,oui
ACH-000606,0.0098408820893251,5.797012977836145,ACH-000606,PR-CPKIXJ,oui
ACH-000607,1.5503558996184177,3.835924074254375,ACH-000607,PR-OZN9WX,non
ACH-000608,0.1313885148918035,5.113117036390723,ACH-000608,PR-GFTBRX,oui
ACH-000608,0.1313885148918035,5.113117036390723,ACH-000608,PR-ZB9ZZE,oui
ACH-000614,2.1846080369132146,3.753818443173543,ACH-000614,PR-YWXY3X,oui
ACH-000614,2.1846080369132146,3.753818443173543,ACH-000614,PR-SXRDTF,oui
ACH-000616,0.0183692143616205,4.71699089440494,ACH-000616,PR-YNA0BY,oui
ACH-000618,0.1333912087325482,4.534808661231747,ACH-000618,PR-POHCHD,non
ACH-000619,-0.2437454872873667,4.717539343391165,ACH-000619,PR-BFXTA4,oui
ACH-000620,0.7704437155970859,3.568032104771279,ACH-000620,PR-J2P2IG,oui
ACH-000620,0.7704437155970859,3.568032104771279,ACH-000620,PR-XCJPPU,oui
ACH-000621,-0.0941611315167685,4.424250286084049,ACH-000621,PR-5F2D61,oui
ACH-000622,0.0354594456687082,4.760220946466509,ACH-000622,PR-F4KHPF,oui
ACH-000623,-0.121405314683106,4.169123281476757,ACH-000623,PR-GHFNU1,oui
ACH-000623,-0.121405314683106,4.169123281476757,ACH-000623,PR-VF1YBD,oui
ACH-000624,0.095462310772908,3.937344392150232,ACH-000624,PR-CQGIEI,oui
ACH-000624,0.095462310772908,3.937344392150232,ACH-000624,PR-ROGBFO,oui
ACH-000627,0.0876725333856084,3.950468414150123,ACH-000627,PR-6AOYJM,oui
ACH-000627,0.0876725333856084,3.950468414150123,ACH-000627,PR-MGUJHD,oui
ACH-000630,-0.14846148947475,3.575312330687437,ACH-000630,PR-N4PHAS,oui
ACH-000632,0.4850561273241018,3.96254902292306,ACH-000632,PR-FCS4QQ,oui
ACH-000633,0.0389215521655309,5.10936055940423,ACH-000633,PR-MUPTWP,oui
ACH-000633,0.0389215521655309,5.10936055940423,ACH-000633,PR-K4GGIA,oui
ACH-000634,0.1275529737555731,3.9990980337056072,ACH-000634,PR-QGRNYG,oui
ACH-000634,0.1275529737555731,3.9990980337056072,ACH-000634,PR-SEFUI3,oui
ACH-000637,0.1760066118399,3.7644735509926655,ACH-000637,PR-W9FGAF,oui
ACH-000637,0.1760066118399,3.7644735509926655,ACH-000637,PR-MTSI5B,oui
ACH-000638,0.1576972718410795,4.617651119427331,ACH-000638,PR-727ZKC,oui
ACH-000639,0.0595211967998151,3.981852653289741,ACH-000639,PR-TXDXL3,non
ACH-000639,0.0595211967998151,3.981852653289741,ACH-000639,PR-MDDALY,non
ACH-000645,1.5256343973507351,4.128458384146928,ACH-000645,PR-Q8FJFE,non
ACH-000645,1.5256343973507351,4.128458384146928,ACH-000645,PR-WJ7MXM,non
ACH-000646,1.4017000380918612,2.19534759832222,ACH-000646,PR-LZNVRI,oui
ACH-000647,0.074437777976065,4.265286857565172,ACH-000647,PR-OQ5TU2,oui
ACH-000647,0.074437777976065,4.265286857565172,ACH-000647,PR-COPF59,oui
ACH-000648,0.8744780332407908,5.221490455042056,ACH-000648,PR-GXTIQ9,oui
ACH-000649,0.5417647991953632,5.7718855785153655,ACH-000649,PR-3CET5Z,oui
ACH-000649,0.5417647991953632,5.7718855785153655,ACH-000649,PR-A3TIJU,oui
ACH-000649,0.5417647991953632,5.7718855785153655,ACH-000649,PR-QBZR1W,non
ACH-000651,0.0147313425823402,4.572889668420581,ACH-000651,PR-VUYR6P,oui
ACH-000651,0.0147313425823402,4.572889668420581,ACH-000651,PR-7MGBFZ,oui
ACH-000652,0.097998486880361,4.394376944957055,ACH-000652,PR-VYAQGJ,oui
ACH-000652,0.097998486880361,4.394376944957055,ACH-000652,PR-ATACVL,oui
ACH-000653,0.0740712051856064,4.779259720372376,ACH-000653,PR-AQBC5A,oui
ACH-000653,0.0740712051856064,4.779259720372376,ACH-000653,PR-PSFMDI,oui
ACH-000653,0.0740712051856064,4.779259720372376,ACH-000653,PR-132FPS,oui
ACH-000654,0.3674877313842947,5.4202128906107845,ACH-000654,PR-8TH2SV,non
ACH-000654,0.3674877313842947,5.4202128906107845,ACH-000654,PR-9KLLER,non
ACH-000655,-0.1824909212835426,4.836429131161648,ACH-000655,PR-HVE8OO,oui
ACH-000655,-0.1824909212835426,4.836429131161648,ACH-000655,PR-XAHF4C,oui
ACH-000657,0.5428229407538114,4.612942196304665,ACH-000657,PR-VFQLXE,non
ACH-000661,0.9175760277342708,4.742545233866053,ACH-000661,PR-QZHUIJ,oui
ACH-000662,0.3094069512792641,3.678071905112638,ACH-000662,PR-ZXBCMO,oui
ACH-000662,0.3094069512792641,3.678071905112638,ACH-000662,PR-KO8BDR,oui
ACH-000662,0.3094069512792641,3.678071905112638,ACH-000662,PR-O9KXMV,oui
ACH-000663,1.6868702195116294,3.998195503153252,ACH-000663,PR-YY64Z3,oui
ACH-000663,1.6868702195116294,3.998195503153252,ACH-000663,PR-IXUH2G,oui
ACH-000664,0.2022591426861076,4.144862142915734,ACH-000664,PR-8NUSIW,oui
ACH-000664,0.2022591426861076,4.144862142915734,ACH-000664,PR-LVPAZB,oui
ACH-000665,-0.0104858631904243,4.169925001442312,ACH-000665,PR-O1DNI4,oui
ACH-000665,-0.0104858631904243,4.169925001442312,ACH-000665,PR-SJTUK5,oui
ACH-000667,0.0755170687742187,2.2141248053528475,ACH-000667,PR-3CEXAX,oui
ACH-000671,0.0123701109174512,4.017921907997263,ACH-000671,PR-FMALMR,oui
ACH-000671,0.0123701109174512,4.017921907997263,ACH-000671,PR-OFRLBK,oui
ACH-000673,-0.0001453111323903,4.1001366712854495,ACH-000673,PR-1DMQEW,oui
ACH-000676,-0.0178013311035012,4.223422549934937,ACH-000676,PR-8IF7LX,oui
ACH-000676,-0.0178013311035012,4.223422549934937,ACH-000676,PR-WZBTYH,oui
ACH-000677,0.9254488855635944,4.460742563789644,ACH-000677,PR-UOSXFI,oui
ACH-000680,0.0979092126526777,3.929790997718597,ACH-000680,PR-61BILX,oui
ACH-000680,0.0979092126526777,3.929790997718597,ACH-000680,PR-BPXEZH,oui
ACH-000681,1.0295194313190992,4.106850796450224,ACH-000681,PR-8I6FDF,oui
ACH-000681,1.0295194313190992,4.106850796450224,ACH-000681,PR-OKCH5W,oui
ACH-000682,0.0163289759038035,3.657640005207824,ACH-000682,PR-OAKAIZ,oui
ACH-000683,0.1011855825216872,3.9717734471933728,ACH-000683,PR-AIXNV7,oui
ACH-000683,0.1011855825216872,3.9717734471933728,ACH-000683,PR-NSZXE5,oui
ACH-000684,2.481608855148811,4.401220862160216,ACH-000684,PR-3LR3KT,oui
ACH-000685,0.0030814651461462,4.560714954474479,ACH-000685,PR-KNZ4MA,oui
ACH-000693,0.1670522020962618,5.131342539123261,ACH-000693,PR-M3EWHA,oui
ACH-000693,0.1670522020962618,5.131342539123261,ACH-000693,PR-SXFIUQ,oui
ACH-000694,0.0109850719349282,4.51853513898218,ACH-000694,PR-45QIHG,oui
ACH-000694,0.0109850719349282,4.51853513898218,ACH-000694,PR-YTV4KC,oui
ACH-000695,0.2216048462202117,4.05484847699562,ACH-000695,PR-KUQNIB,non
ACH-000696,0.0491442062487684,4.67072705449947,ACH-000696,PR-3HCSGH,oui
ACH-000696,0.0491442062487684,4.67072705449947,ACH-000696,PR-KWF0UJ,oui
ACH-000697,0.344676565933561,2.381283372503784,ACH-000697,PR-ODZNZA,non
ACH-000697,0.344676565933561,2.381283372503784,ACH-000697,PR-BU7W7O,non
ACH-000698,0.2217336432685071,4.391630261517429,ACH-000698,PR-F4NG7D,oui
ACH-000698,0.2217336432685071,4.391630261517429,ACH-000698,PR-PGHA4A,oui
ACH-000698,0.2217336432685071,4.391630261517429,ACH-000698,PR-M6SGXW,oui
ACH-000699,0.0673034127580159,4.636914580355878,ACH-000699,PR-PM2BNM,oui
ACH-000700,0.284025344213096,4.130107178658833,ACH-000700,PR-OE5B6J,oui
ACH-000701,0.5288983866123473,4.60584986719498,ACH-000701,PR-0P3NVU,non
ACH-000702,-0.0551387813333396,5.101818134227409,ACH-000702,PR-74XMIY,oui
ACH-000702,-0.0551387813333396,5.101818134227409,ACH-000702,PR-HXQSXZ,oui
ACH-000706,0.1621904590688156,4.612942196304665,ACH-000706,PR-0XULAU,oui
ACH-000706,0.1621904590688156,4.612942196304665,ACH-000706,PR-AZNSMF,oui
ACH-000706,0.1621904590688156,4.612942196304665,ACH-000706,PR-S3PVSN,oui
ACH-000709,-0.0059672945347662,4.207892851641333,ACH-000709,PR-CRI1Z7,non
ACH-000709,-0.0059672945347662,4.207892851641333,ACH-000709,PR-Y2Q9WR,non
ACH-000711,0.0503371895078499,4.994579724215747,ACH-000711,PR-2IQBFL,oui
ACH-000711,0.0503371895078499,4.994579724215747,ACH-000711,PR-H0NIDS,oui
ACH-000711,0.0503371895078499,4.994579724215747,ACH-000711,PR-WRA9AK,oui
ACH-000714,0.3671698001760696,5.137913322088407,ACH-000714,PR-QCKQEL,oui
ACH-000714,0.3671698001760696,5.137913322088407,ACH-000714,PR-RRHD85,oui
ACH-000714,0.3671698001760696,5.137913322088407,ACH-000714,PR-BRYJYP,oui
ACH-000716,0.0447855688794522,4.513490745588118,ACH-000716,PR-1SOQPV,oui
ACH-000716,0.0447855688794522,4.513490745588118,ACH-000716,PR-QXCYGP,oui
ACH-000718,0.1036051667217365,4.370861740085285,ACH-000718,PR-ASVUXU,oui
ACH-000718,0.1036051667217365,4.370861740085285,ACH-000718,PR-HYEIHZ,oui
ACH-000718,0.1036051667217365,4.370861740085285,ACH-000718,PR-CO5UBI,oui
ACH-000719,0.4726204639628429,3.089159131911238,ACH-000719,PR-CRVFHR,non
ACH-000720,0.0543150940624339,3.72137265947682,ACH-000720,PR-W1TE7B,oui
ACH-000721,0.0329741790388722,3.55581615506164,ACH-000721,PR-HSJTFK,oui
ACH-000724,0.3313933260220356,5.247547806890298,ACH-000724,PR-XNS0FU,oui
ACH-000725,0.1051007029433743,4.616475328782878,ACH-000725,PR-2AXAKM,oui
ACH-000725,0.1051007029433743,4.616475328782878,ACH-000725,PR-68VQ73,oui
ACH-000732,0.0050216715064239,3.995484518877507,ACH-000732,PR-PNV2Q0,non
ACH-000732,0.0050216715064239,3.995484518877507,ACH-000732,PR-UC8RUN,non
ACH-000734,0.1523949090762167,3.977279923499916,ACH-000734,PR-37ACAC,oui
ACH-000734,0.1523949090762167,3.977279923499916,ACH-000734,PR-JJCRR3,oui
ACH-000735,0.1894096249129396,4.089159131911238,ACH-000735,PR-8SK5PE,non
ACH-000735,0.1894096249129396,4.089159131911238,ACH-000735,PR-BVJYOJ,non
ACH-000736,-0.0205241541241693,4.833902076669164,ACH-000736,PR-CDFK6C,non
ACH-000738,0.1253401025802698,4.923149180472309,ACH-000738,PR-OXY1XC,oui
ACH-000738,0.1253401025802698,4.923149180472309,ACH-000738,PR-XDGHFI,oui
ACH-000740,-0.1151175325258345,4.54101915313356,ACH-000740,PR-EKK3SD,oui
ACH-000740,-0.1151175325258345,4.54101915313356,ACH-000740,PR-MM8GJQ,oui
ACH-000740,-0.1151175325258345,4.54101915313356,ACH-000740,PR-QY00PV,oui
ACH-000741,0.2095058320889754,3.266036893995317,ACH-000741,PR-GBAE4Q,oui
ACH-000746,0.0432205683884617,3.894332742277694,ACH-000746,PR-EQYUYF,oui
ACH-000747,0.0927722013396478,5.15704371014558,ACH-000747,PR-WWCL8T,oui
ACH-000747,0.0927722013396478,5.15704371014558,ACH-000747,PR-BHAMSR,oui
ACH-000748,0.5529838506456504,5.535430914871279,ACH-000748,PR-KFC5SA,non
ACH-000753,-0.2430172327669445,5.593652558397931,ACH-000753,PR-10VZ6J,oui
ACH-000754,0.0748271351307562,5.141187525005,ACH-000754,PR-XMFDHK,oui
ACH-000756,-0.125778879987106,4.010779838753242,ACH-000756,PR-BBX617,oui
ACH-000756,-0.125778879987106,4.010779838753242,ACH-000756,PR-AJZBVX,oui
ACH-000757,0.4004924600632909,4.533563348214512,ACH-000757,PR-OG81ZO,oui
ACH-000757,0.4004924600632909,4.533563348214512,ACH-000757,PR-VK1X9X,oui
ACH-000758,0.1403475699753623,3.849999259466098,ACH-000758,PR-JZDJEE,oui
ACH-000758,0.1403475699753623,3.849999259466098,ACH-000758,PR-SBNQOB,oui
ACH-000760,0.2812788452696937,5.280585202564472,ACH-000760,PR-8U9SGK,oui
ACH-000762,-0.0100184868678465,4.647890091059215,ACH-000762,PR-99VCNE,oui
ACH-000763,0.3453932155830918,4.992768430768924,ACH-000763,PR-F99RFB,non
ACH-000763,0.3453932155830918,4.992768430768924,ACH-000763,PR-WRP10K,non
ACH-000763,0.3453932155830918,4.992768430768924,ACH-000763,PR-XF3CKY,non
ACH-000764,0.090152460684075,4.8594726668519375,ACH-000764,PR-CN774J,oui
ACH-000765,0.1387659783635123,5.0955025176586695,ACH-000765,PR-F4MZSH,oui
ACH-000766,0.0802380316034247,5.18824265626441,ACH-000766,PR-Q0HRBX,oui
ACH-000767,0.0803324628364265,5.301953395126096,ACH-000767,PR-PBUHLO,oui
ACH-000767,0.0803324628364265,5.301953395126096,ACH-000767,PR-OISAWM,oui
ACH-000767,0.0803324628364265,5.301953395126096,ACH-000767,PR-XRUYJH,oui
ACH-000768,0.0555279706096861,4.3045110418099535,ACH-000768,PR-I9KTE7,oui
ACH-000768,0.0555279706096861,4.3045110418099535,ACH-000768,PR-X96UGW,oui
ACH-000769,0.0815974642841112,5.119356177039675,ACH-000769,PR-I6ZJEC,oui
ACH-000769,0.0815974642841112,5.119356177039675,ACH-000769,PR-HN3C6C,oui
ACH-000770,-0.0382710984699159,5.788424707439437,ACH-000770,PR-K7JU73,non
ACH-000770,-0.0382710984699159,5.788424707439437,ACH-000770,PR-TBJUMC,non
ACH-000771,0.0940637217268549,1.1505596765753812,ACH-000771,PR-BFAGWX,non
ACH-000771,0.0940637217268549,1.1505596765753812,ACH-000771,PR-T65SDF,non
ACH-000773,0.5465753684832747,4.129283016944966,ACH-000773,PR-FXJBJL,oui
ACH-000773,0.5465753684832747,4.129283016944966,ACH-000773,PR-FXPF9F,oui
ACH-000775,0.1566383015874623,4.4356285940520905,ACH-000775,PR-XPRCE9,oui
ACH-000776,1.2887284665429588,3.2720231890610485,ACH-000776,PR-KTHVAF,oui
ACH-000777,0.1442711747507258,2.2357270598380583,ACH-000777,PR-O0QJUJ,oui
ACH-000777,0.1442711747507258,2.2357270598380583,ACH-000777,PR-UKNBMH,oui
ACH-000778,0.1283213033213417,4.523561956057013,ACH-000778,PR-UOYRHW,oui
ACH-000778,0.1283213033213417,4.523561956057013,ACH-000778,PR-RGS88K,oui
ACH-000781,0.2096923771708184,4.173926931999809,ACH-000781,PR-QPX3XG,oui
ACH-000781,0.2096923771708184,4.173926931999809,ACH-000781,PR-5GX5YV,oui
ACH-000782,-0.0017586511500055,5.765799923285126,ACH-000782,PR-9KNZUY,non
ACH-000783,0.1496746912893507,5.401220862160216,ACH-000783,PR-XMGG0Q,oui
ACH-000783,0.1496746912893507,5.401220862160216,ACH-000783,PR-MVKYWH,oui
ACH-000784,0.3671583443657215,2.344828496997441,ACH-000784,PR-5NFOUR,oui
ACH-000784,0.3671583443657215,2.344828496997441,ACH-000784,PR-P3DQDP,oui
ACH-000785,-0.0008071768444233,3.782408564927373,ACH-000785,PR-TQEUA5,oui
ACH-000787,-0.1551359410598251,2.8318772411916733,ACH-000787,PR-KEWJFH,oui
ACH-000788,0.0484607758935766,4.087462841250339,ACH-000788,PR-OVKC0B,non
ACH-000790,0.2035008267840317,4.7713574089905615,ACH-000790,PR-GNWJAK,oui
ACH-000791,-0.0531379200706548,5.161887682376894,ACH-000791,PR-DZBLKU,oui
ACH-000792,-0.0255541502282419,4.89287670006069,ACH-000792,PR-NULYQG,oui
ACH-000793,0.0003618548679158,5.148120631123964,ACH-000793,PR-VYZBJ2,oui
ACH-000794,-0.1118517900951813,2.4620523187964327,ACH-000794,PR-7TGHYX,non
ACH-000796,0.0790684254944096,4.125981653854716,ACH-000796,PR-ZYM15A,oui
ACH-000799,0.2816723955509986,4.6293566200796095,ACH-000799,PR-IFJSUO,oui
ACH-000800,0.1149712767671316,4.013462259806563,ACH-000800,PR-88E7XF,oui
ACH-000800,0.1149712767671316,4.013462259806563,ACH-000800,PR-TP3E6V,oui
ACH-000800,0.1149712767671316,4.013462259806563,ACH-000800,PR-ZGS0ZX,oui
ACH-000801,1.4608930774467226,4.706530552538117,ACH-000801,PR-PYVSZX,oui
ACH-000801,1.4608930774467226,4.706530552538117,ACH-000801,PR-SMFXZR,oui
ACH-000802,-0.0180099911925154,4.422233000683048,ACH-000802,PR-11LRS9,oui
ACH-000804,0.4362569787557597,5.314696525656286,ACH-000804,PR-LYAJXC,non
ACH-000804,0.4362569787557597,5.314696525656286,ACH-000804,PR-EBCA0P,oui
ACH-000804,0.4362569787557597,5.314696525656286,ACH-000804,PR-YR8PJQ,oui
ACH-000805,1.4996787276499297,3.20006486151431,ACH-000805,PR-4LOGQX,non
ACH-000805,1.4996787276499297,3.20006486151431,ACH-000805,PR-STYA1S,oui
ACH-000807,0.1207863597121434,5.427941332509482,ACH-000807,PR-JHR7FA,oui
ACH-000809,0.0918594114766818,4.987775616142913,ACH-000809,PR-L3QLDQ,oui
ACH-000809,0.0918594114766818,4.987775616142913,ACH-000809,PR-OC1TWJ,oui
ACH-000810,0.1955172934681976,4.266786540694901,ACH-000810,PR-VB25KN,oui
ACH-000810,0.1955172934681976,4.266786540694901,ACH-000810,PR-TNHBP6,oui
ACH-000814,1.7859225022145195,3.73768676140986,ACH-000814,PR-NGWPX6,non
ACH-000814,1.7859225022145195,3.73768676140986,ACH-000814,PR-X3DWKC,non
ACH-000817,0.0835749704542857,4.87528859822269,ACH-000817,PR-I77VP2,oui
ACH-000817,0.0835749704542857,4.87528859822269,ACH-000817,PR-FOM7XN,oui
ACH-000819,0.1434612931563887,4.327687364176047,ACH-000819,PR-1KE6K3,oui
ACH-000819,0.1434612931563887,4.327687364176047,ACH-000819,PR-MEJ6JR,oui
ACH-000820,0.3731185229936093,4.084064264788474,ACH-000820,PR-QIV3DB,oui
ACH-000821,-0.0099371250943938,4.968551603363945,ACH-000821,PR-H5CCG3,oui
ACH-000821,-0.0099371250943938,4.968551603363945,ACH-000821,PR-PEECJR,oui
ACH-000822,0.0294421845089762,3.4462562298895643,ACH-000822,PR-JIAGDM,non
ACH-000823,0.2384658658333555,4.289834465177509,ACH-000823,PR-W2JVPL,oui
ACH-000823,0.2384658658333555,4.289834465177509,ACH-000823,PR-RU1ESX,oui
ACH-000824,0.1389900164867024,4.399171093819823,ACH-000824,PR-8KT9DJ,oui
ACH-000826,0.2068329440882974,5.288727679514566,ACH-000826,PR-MS9VNJ,oui
ACH-000827,0.7401404890866536,4.707082991771706,ACH-000827,PR-MO0P4C,non
ACH-000827,0.7401404890866536,4.707082991771706,ACH-000827,PR-AUF1NQ,oui
ACH-000827,0.7401404890866536,4.707082991771706,ACH-000827,PR-XMHMTV,non
ACH-000831,0.2234491452501762,4.933100474931368,ACH-000831,PR-RZMILD,oui
ACH-000831,0.2234491452501762,4.933100474931368,ACH-000831,PR-AVKITL,oui
ACH-000832,-0.0124692831695366,4.329841176530628,ACH-000832,PR-4WLHMA,non
ACH-000833,0.063040731008411,5.219555769166913,ACH-000833,PR-HNL4XR,oui
ACH-000834,0.305187814369832,3.4776773275653072,ACH-000834,PR-YX1US6,oui
ACH-000835,-0.0986916063157016,4.865423978313134,ACH-000835,PR-RWRC4G,oui
ACH-000836,0.0336281670060856,4.604071323668861,ACH-000836,PR-SI1TK5,oui
ACH-000837,-0.0175053185167983,5.1034976397033365,ACH-000837,PR-KJLRRH,oui
ACH-000837,-0.0175053185167983,5.1034976397033365,ACH-000837,PR-191FBV,oui
ACH-000837,-0.0175053185167983,5.1034976397033365,ACH-000837,PR-C12HQA,oui
ACH-000838,0.6752476884255483,5.073820233291672,ACH-000838,PR-T0QU0W,oui
ACH-000838,0.6752476884255483,5.073820233291672,ACH-000838,PR-HRA6LV,oui
ACH-000839,-0.0451239971178839,4.192194165283345,ACH-000839,PR-RIFUN5,oui
ACH-000839,-0.0451239971178839,4.192194165283345,ACH-000839,PR-C659KW,oui
ACH-000840,0.130812214322597,4.480265122054463,ACH-000840,PR-EJXKNU,oui
ACH-000840,0.130812214322597,4.480265122054463,ACH-000840,PR-6134DO,oui
ACH-000840,0.130812214322597,4.480265122054463,ACH-000840,PR-QMMET5,oui
ACH-000841,0.1388885922400698,4.387500406480984,ACH-000841,PR-CMCC4I,oui
ACH-000841,0.1388885922400698,4.387500406480984,ACH-000841,PR-JXEXVF,oui
ACH-000841,0.1388885922400698,4.387500406480984,ACH-000841,PR-HZG4QI,oui
ACH-000843,0.1161125349655165,5.298658315564516,ACH-000843,PR-GMX4VM,oui
ACH-000843,0.1161125349655165,5.298658315564516,ACH-000843,PR-ZCCTWC,oui
ACH-000845,0.0616009263750606,4.2645364309990255,ACH-000845,PR-PVZVZB,oui
ACH-000845,0.0616009263750606,4.2645364309990255,ACH-000845,PR-QK7VCY,oui
ACH-000846,0.1251354487965363,4.655924213083815,ACH-000846,PR-HYM4OK,oui
ACH-000847,0.1199089469028965,4.222650022451478,ACH-000847,PR-0SNESH,oui
ACH-000848,0.2271194501734641,4.750606504835592,ACH-000848,PR-QMEELM,oui
ACH-000848,0.2271194501734641,4.750606504835592,ACH-000848,PR-CBZB19,oui
ACH-000849,0.0385881107418641,4.321206566969903,ACH-000849,PR-KQZAC5,oui
ACH-000849,0.0385881107418641,4.321206566969903,ACH-000849,PR-P32XUQ,oui
ACH-000853,0.1632156665918812,5.292045492492862,ACH-000853,PR-CE7PEK,oui
ACH-000853,0.1632156665918812,5.292045492492862,ACH-000853,PR-XPGI93,oui
ACH-000855,0.0526533378771481,3.8379432418910273,ACH-000855,PR-OYO0DM,oui
ACH-000856,0.2924449798861508,5.016139702655253,ACH-000856,PR-QVS2Q6,non
ACH-000858,0.0564030168995153,3.62760683812965,ACH-000858,PR-WOLNKR,oui
ACH-000858,0.0564030168995153,3.62760683812965,ACH-000858,PR-28WSNQ,oui
ACH-000859,0.155660219463304,5.603774686463973,ACH-000859,PR-WYYRYW,oui
ACH-000860,0.5021651738210221,5.036942844798256,ACH-000860,PR-GSDWYR,oui
ACH-000861,-0.1606865776711846,4.267535798068735,ACH-000861,PR-DQFNOV,oui
ACH-000862,0.0244404060389834,3.877744249949002,ACH-000862,PR-9N8NR3,oui
ACH-000865,0.2451391927583164,3.6758159311722696,ACH-000865,PR-XF75NJ,oui
ACH-000865,0.2451391927583164,3.6758159311722696,ACH-000865,PR-CBWTP5,oui
ACH-000866,-0.0741593023472183,4.587364990936461,ACH-000866,PR-CLTC1A,non
ACH-000866,-0.0741593023472183,4.587364990936461,ACH-000866,PR-AOYWP8,non
ACH-000867,0.1345387343737368,4.310340120612151,ACH-000867,PR-D4T3EF,oui
ACH-000867,0.1345387343737368,4.310340120612151,ACH-000867,PR-2KNTFF,oui
ACH-000869,0.0040175389086473,5.081936081719432,ACH-000869,PR-9WZBCD,oui
ACH-000869,0.0040175389086473,5.081936081719432,ACH-000869,PR-CYXAFL,oui
ACH-000872,-0.0423646701274563,4.12267271882414,ACH-000872,PR-I3WDVK,oui
ACH-000872,-0.0423646701274563,4.12267271882414,ACH-000872,PR-TOPQ2G,oui
ACH-000873,-0.0933845993776509,3.38404980679516,ACH-000873,PR-SDMRS8,oui
ACH-000876,0.0986544945693184,4.211012193485511,ACH-000876,PR-VJSKD1,oui
ACH-000876,0.0986544945693184,4.211012193485511,ACH-000876,PR-HFD5TC,oui
ACH-000878,-0.1822402138839762,5.207892851641333,ACH-000878,PR-NCVZDH,non
ACH-000878,-0.1822402138839762,5.207892851641333,ACH-000878,PR-DEEPBR,non
ACH-000880,1.030339948795779,4.677508242264722,ACH-000880,PR-84SHEL,non
ACH-000880,1.030339948795779,4.677508242264722,ACH-000880,PR-CIXODJ,non
ACH-000881,0.7839294454473356,4.659353759170051,ACH-000881,PR-O1ZPLN,non
ACH-000882,0.3190639499886323,4.228049047884462,ACH-000882,PR-9PYNVM,oui
ACH-000882,0.3190639499886323,4.228049047884462,ACH-000882,PR-TSIOQA,oui
ACH-000884,0.1483036034656684,3.904002316283692,ACH-000884,PR-70D3RE,oui
ACH-000885,1.1932565548651604,4.888986721186558,ACH-000885,PR-JTAAQ5,non
ACH-000886,-0.0223892957137182,3.889473542531109,ACH-000886,PR-ZRELIU,oui
ACH-000887,0.1067700657722145,5.037821465434967,ACH-000887,PR-E1SXJN,oui
ACH-000888,-0.1062188559864674,3.651912744645783,ACH-000888,PR-RQIMZA,oui
ACH-000888,-0.1062188559864674,3.651912744645783,ACH-000888,PR-YXLKWL,oui
ACH-000889,0.1332643858671024,4.869377924031328,ACH-000889,PR-TWQFTJ,oui
ACH-000890,-0.4046096235865042,4.358958825832329,ACH-000890,PR-MQLCPH,oui
ACH-000890,-0.4046096235865042,4.358958825832329,ACH-000890,PR-YXKQFD,oui
ACH-000890,-0.4046096235865042,4.358958825832329,ACH-000890,PR-2WHKNJ,oui
ACH-000896,0.0661928668470269,4.169925001442312,ACH-000896,PR-HCVEQP,oui
ACH-000898,1.000985733090848,3.948600847493356,ACH-000898,PR-2GUO1R,non
ACH-000898,1.000985733090848,3.948600847493356,ACH-000898,PR-LJ66JC,non
ACH-000899,1.543352483860252,4.4087118610294285,ACH-000899,PR-S7CMQD,non
ACH-000900,0.3225916902955313,4.353323291162897,ACH-000900,PR-11OFEY,oui
ACH-000903,0.1115162678980755,4.540399305630624,ACH-000903,PR-HXMKAZ,oui
ACH-000903,0.1115162678980755,4.540399305630624,ACH-000903,PR-3TYMYV,oui
ACH-000905,-0.1005749663432146,4.362469888750209,ACH-000905,PR-UWKGCA,oui
ACH-000905,-0.1005749663432146,4.362469888750209,ACH-000905,PR-HSMFHE,oui
ACH-000906,0.0995399806422142,3.595742339474399,ACH-000906,PR-K4G78U,oui
ACH-000907,1.0082231291349082,3.904002316283692,ACH-000907,PR-DBWLQN,oui
ACH-000907,1.0082231291349082,3.904002316283692,ACH-000907,PR-P0RP9C,oui
ACH-000910,-0.0216510164017639,5.900866807980749,ACH-000910,PR-PCWXLO,non
ACH-000911,0.0879867637463633,4.197708157955851,ACH-000911,PR-CK8DSI,oui
ACH-000911,0.0879867637463633,4.197708157955851,ACH-000911,PR-5WPODH,oui
ACH-000912,0.1796101882777794,5.267910280884825,ACH-000912,PR-HTLWWB,non
ACH-000912,0.1796101882777794,5.267910280884825,ACH-000912,PR-MAQSKN,non
ACH-000913,0.0765376854018312,4.763411574470007,ACH-000913,PR-VSBLZE,oui
ACH-000913,0.0765376854018312,4.763411574470007,ACH-000913,PR-WWIAK4,non
ACH-000914,0.0554783476709974,5.275752048828529,ACH-000914,PR-72VA7N,non
ACH-000914,0.0554783476709974,5.275752048828529,ACH-000914,PR-THY0IC,non
ACH-000915,0.3820264218290321,4.740387932468353,ACH-000915,PR-WIM2X2,oui
ACH-000915,0.3820264218290321,4.740387932468353,ACH-000915,PR-DTMCDR,oui
ACH-000916,-0.0229218667264934,3.872828759534885,ACH-000916,PR-WRTYNT,oui
ACH-000917,0.1692481152720665,5.00539998774259,ACH-000917,PR-ONXKLT,oui
ACH-000921,-0.0444483738457484,4.916476644437717,ACH-000921,PR-KRQGCX,oui
ACH-000921,-0.0444483738457484,4.916476644437717,ACH-000921,PR-ZQOUQC,non
ACH-000922,0.4858015290651662,5.504620392403552,ACH-000922,PR-DTN7SO,non
ACH-000924,0.1631149948280542,4.493134922305505,ACH-000924,PR-4BX4FN,oui
ACH-000924,0.1631149948280542,4.493134922305505,ACH-000924,PR-FA7S8L,oui
ACH-000924,0.1631149948280542,4.493134922305505,ACH-000924,PR-ORJVWK,oui
ACH-000926,0.0741629737415467,4.157852169141737,ACH-000926,PR-AT83RY,oui
ACH-000929,0.2674260803493992,4.69265037003553,ACH-000929,PR-4GUO7R,oui
ACH-000929,0.2674260803493992,4.69265037003553,ACH-000929,PR-XSZ4CI,oui
ACH-000932,0.6678000095295918,4.61882595258744,ACH-000932,PR-IEPKNE,non
ACH-000935,2.026387710181744,4.276496665640356,ACH-000935,PR-YHYSKV,oui
ACH-000937,-0.0403289605841078,5.732811872082943,ACH-000937,PR-I7FDCX,oui
ACH-000938,0.3515290494497623,5.942749070828886,ACH-000938,PR-6YBF3Z,non
ACH-000939,-0.1111879829191885,4.883620816285672,ACH-000939,PR-PH0YG6,non
ACH-000941,-0.1260531266153922,4.034743949324734,ACH-000941,PR-SMHH3N,oui
ACH-000943,0.2892822719828697,3.676944359106912,ACH-000943,PR-QSKZUI,non
ACH-000943,0.2892822719828697,3.676944359106912,ACH-000943,PR-RSONMY,oui
ACH-000944,0.2297680719911687,5.354734239970604,ACH-000944,PR-T3ZNGO,non
ACH-000944,0.2297680719911687,5.354734239970604,ACH-000944,PR-KAJQ0Y,oui
ACH-000946,0.347198317336291,5.130930869826448,ACH-000946,PR-BHIZGJ,non
ACH-000946,0.347198317336291,5.130930869826448,ACH-000946,PR-IG2DWN,non
ACH-000947,0.5278672436430095,4.8494989317201815,ACH-000947,PR-HIONKF,non
ACH-000948,0.5776600526636163,5.034743949324734,ACH-000948,PR-TXEHVN,non
ACH-000950,0.6575224412469362,5.036942844798256,ACH-000950,PR-VEPCQY,non
ACH-000953,0.150486780532294,5.809414444235898,ACH-000953,PR-LYWGOG,non
ACH-000957,0.5038596541621306,4.107687869314374,ACH-000957,PR-PMKCWE,non
ACH-000957,0.5038596541621306,4.107687869314374,ACH-000957,PR-F2NT4P,non
ACH-000958,0.3112648621860464,5.009884588931844,ACH-000958,PR-FFRXCV,non
ACH-000959,0.529188034567405,5.117279460053921,ACH-000959,PR-8XR84R,non
ACH-000960,0.5081374441476311,5.346247774082776,ACH-000960,PR-O3M2XG,non
ACH-000963,0.6008527565526823,4.677508242264722,ACH-000963,PR-FOI5MV,oui
ACH-000963,0.6008527565526823,4.677508242264722,ACH-000963,PR-EEOBVQ,oui
ACH-000968,0.7102615802434697,5.079378111118652,ACH-000968,PR-JCSMGB,oui
ACH-000968,0.7102615802434697,5.079378111118652,ACH-000968,PR-Z6PIPO,oui
ACH-000973,0.3335750748256172,4.541638734436141,ACH-000973,PR-UY1FYN,oui
ACH-000974,1.0014033057930607,3.431622959713292,ACH-000974,PR-MN1O3F,non
ACH-000975,0.0216585514749696,4.285402218862249,ACH-000975,PR-UPMONP,oui
ACH-000976,0.0255761001556632,4.424922088210688,ACH-000976,PR-TPJQN4,oui
ACH-000977,0.9087466366145424,4.03121873061072,ACH-000977,PR-MFYHAF,non
ACH-000978,0.2979955648387909,4.6604951318885135,ACH-000978,PR-IPEI1I,non
ACH-000980,0.0899164138807713,5.380244590478185,ACH-000980,PR-ULAGYI,oui
ACH-000983,0.1456865838399969,5.169925001442312,ACH-000983,PR-FGEUV5,non
ACH-000983,0.1456865838399969,5.169925001442312,ACH-000983,PR-URHA2W,non
ACH-000984,0.1555048824287733,4.729552770453971,ACH-000984,PR-ZQMIEY,oui
ACH-000986,0.0437088698573159,4.530445354692906,ACH-000986,PR-YYT0TP,non
ACH-000988,0.1159539941955674,4.921245888585589,ACH-000988,PR-DRHRFR,non
ACH-000988,0.1159539941955674,4.921245888585589,ACH-000988,PR-LBNRNX,non
ACH-000993,0.9525706450499208,4.334139178838237,ACH-000993,PR-GGFZDB,non
ACH-000994,0.1558237419753896,5.068670810665099,ACH-000994,PR-RUMA0E,oui
ACH-000995,0.0580465874104702,5.8774988727835344,ACH-000995,PR-DS9QDK,non
ACH-001001,-0.0350276621211573,5.583458910130768,ACH-001001,PR-5EAJFK,oui
ACH-001001,-0.0350276621211573,5.583458910130768,ACH-001001,PR-AUPRZ1,oui
ACH-001020,1.580895520890964,4.615298579092115,ACH-001020,PR-RAI6I6,non
ACH-001020,1.580895520890964,4.615298579092115,ACH-001020,PR-WQHJ2S,non
ACH-001029,0.0196000007595939,4.325530331567558,ACH-001029,PR-HM3UFM,oui
ACH-001029,0.0196000007595939,4.325530331567558,ACH-001029,PR-YBRJCK,oui
ACH-001036,0.17427884499818,4.777682717073553,ACH-001036,PR-GTPKTX,oui
ACH-001038,0.1525670355200387,4.798569003556882,ACH-001038,PR-EFHSQ0,oui
ACH-001041,0.15081756433319,4.036503333738988,ACH-001041,PR-APCU78,oui
ACH-001048,0.0922145416219987,4.632268215499513,ACH-001048,PR-XDBZQT,oui
ACH-001050,1.5084567207984552,4.210232990095849,ACH-001050,PR-ZXIFR9,oui
ACH-001053,0.2561622893336059,2.584962500721156,ACH-001053,PR-OGSOZE,oui
ACH-001053,0.2561622893336059,2.584962500721156,ACH-001053,PR-JDCMBG,oui
ACH-001054,0.4834768427172389,3.6644828403646814,ACH-001054,PR-L2PORG,oui
ACH-001061,-0.0056861696908719,5.603181229013857,ACH-001061,PR-V728KC,non
ACH-001075,1.144229369338995,4.20006486151431,ACH-001075,PR-LTVSTE,non
ACH-001075,1.144229369338995,4.20006486151431,ACH-001075,PR-GTGM4G,non
ACH-001075,1.144229369338995,4.20006486151431,ACH-001075,PR-VGPHLY,non
ACH-001098,0.0659154440228864,3.576522137920503,ACH-001098,PR-I0A92E,oui
ACH-001099,1.2120064236333077,3.996388746447621,ACH-001099,PR-5BW8SW,non
ACH-001099,1.2120064236333077,3.996388746447621,ACH-001099,PR-UX8LGH,non
ACH-001128,2.8597742831918285,4.891419186846079,ACH-001128,PR-CHTFP9,non
ACH-001128,2.8597742831918285,4.891419186846079,ACH-001128,PR-V5ECBF,non
ACH-001129,0.3150462386746563,5.126807703142035,ACH-001129,PR-LMNM2B,non
ACH-001134,1.2662082238686732,4.16430358309365,ACH-001134,PR-LLEXIT,non
ACH-001134,1.2662082238686732,4.16430358309365,ACH-001134,PR-TUWGXH,non
ACH-001145,-0.0638925698754802,4.787641414483327,ACH-001145,PR-NTPYXK,oui
ACH-001151,0.0763021576660968,3.891419186846079,ACH-001151,PR-4OJY7T,oui
ACH-001151,0.0763021576660968,3.891419186846079,ACH-001151,PR-AMLSLQ,oui
ACH-001163,-0.2764859337531675,5.134220939760634,ACH-001163,PR-JGKZXR,non
ACH-001164,1.6346160735751591,4.072963271555224,ACH-001164,PR-CC6WWT,non
ACH-001164,1.6346160735751591,4.072963271555224,ACH-001164,PR-7MXIJK,non
ACH-001172,-0.018218493667449,3.5160151470036647,ACH-001172,PR-0YCTLT,oui
ACH-001183,0.5930267945571491,4.837438714856374,ACH-001183,PR-JYIOTL,non
ACH-001183,0.5930267945571491,4.837438714856374,ACH-001183,PR-OISGNN,oui
ACH-001184,0.3494134007657407,5.855242251454154,ACH-001184,PR-RSZ9ZP,oui
ACH-001192,0.0969811112300004,5.340206179911712,ACH-001192,PR-MD14E2,oui
ACH-001193,0.1734227325254097,4.389566811762726,ACH-001193,PR-DUXLVU,oui
ACH-001193,0.1734227325254097,4.389566811762726,ACH-001193,PR-B0MYQI,non
ACH-001194,-0.0487288148939092,4.327687364176047,ACH-001194,PR-NDKS9R,non
ACH-001196,-0.0536811845715368,5.695715488609975,ACH-001196,PR-FRV9F5,oui
ACH-001196,-0.0536811845715368,5.695715488609975,ACH-001196,PR-GXA7VT,oui
ACH-001197,0.0370644728020573,5.495695162624068,ACH-001197,PR-JAOGPT,non
ACH-001211,2.1126589305178536,4.394376944957055,ACH-001211,PR-SHNNEP,non
ACH-001228,0.3249770942948102,4.890446692679906,ACH-001228,PR-TVR0U3,oui
ACH-001228,0.3249770942948102,4.890446692679906,ACH-001228,PR-UMEACV,oui
ACH-001229,0.3465237209543678,3.784503982929567,ACH-001229,PR-MWDYCL,non
ACH-001232,-0.0674706747609941,4.04176864995163,ACH-001232,PR-A21R31,non
ACH-001239,1.0742994475559546,4.215678596607928,ACH-001239,PR-E4K1RX,oui
ACH-001275,0.9247707162778244,3.604071323668861,ACH-001275,PR-60CENO,non
ACH-001277,0.1861938367937147,4.763411574470007,ACH-001277,PR-KPL0JE,oui
ACH-001279,1.5597013634136363,3.2094533656289497,ACH-001279,PR-NEWHLD,non
ACH-001279,1.5597013634136363,3.2094533656289497,ACH-001279,PR-YQROOX,non
ACH-001280,0.9745389181161322,4.611172380044005,ACH-001280,PR-HGNA0B,oui
ACH-001280,0.9745389181161322,4.611172380044005,ACH-001280,PR-DFFMYZ,non
ACH-001289,1.393775859834461,3.694880192799191,ACH-001289,PR-04VVBZ,non
ACH-001295,0.2674206079716255,4.157852169141737,ACH-001295,PR-LT3S9Y,non
ACH-001300,0.5666023526560711,4.803743668505225,ACH-001300,PR-GUTDFK,non
ACH-001300,0.5666023526560711,4.803743668505225,ACH-001300,PR-VURGSL,non
ACH-001301,0.6861185154594422,4.802193216941825,ACH-001301,PR-FNBGWC,non
ACH-001303,0.237426044281533,4.916476644437717,ACH-001303,PR-OBE1TW,non
ACH-001303,0.237426044281533,4.916476644437717,ACH-001303,PR-ODUGMN,oui
ACH-001306,-0.1293279621323074,4.551516017628014,ACH-001306,PR-XHOE24,oui
ACH-001306,-0.1293279621323074,4.551516017628014,ACH-001306,PR-2KTJS4,oui
ACH-001307,0.0929069470728142,4.699329525673156,ACH-001307,PR-VROGY4,oui
ACH-001307,0.0929069470728142,4.699329525673156,ACH-001307,PR-UJR7KK,oui
ACH-001310,-0.3874978503050111,5.877744249949002,ACH-001310,PR-XDASGK,non
ACH-001318,0.0362915326573014,5.284662185483165,ACH-001318,PR-DFYNJN,oui
ACH-001318,0.0362915326573014,5.284662185483165,ACH-001318,PR-LITBRR,oui
ACH-001322,-0.2749992657250585,5.328405658958567,ACH-001322,PR-RNTGZ6,non
ACH-001328,-0.121727321244225,4.915520900751958,ACH-001328,PR-QCWKEA,oui
ACH-001328,-0.121727321244225,4.915520900751958,ACH-001328,PR-VN6YOP,oui
ACH-001329,0.675985915391985,3.718087583960517,ACH-001329,PR-TEARO4,non
ACH-001332,0.1446261491688529,4.24412594328373,ACH-001332,PR-AQFO8P,oui
ACH-001332,0.1446261491688529,4.24412594328373,ACH-001332,PR-ZOHWKG,oui
ACH-001333,-0.1450839719472446,4.04788732939655,ACH-001333,PR-WX1VPX,non
ACH-001334,0.1770749656667063,4.473137487772256,ACH-001334,PR-RJAHLI,non
ACH-001335,0.145387113410954,4.527320607877047,ACH-001335,PR-VCQEMJ,non
ACH-001336,0.3813195687906229,3.534808661231747,ACH-001336,PR-PKGCDJ,oui
ACH-001336,0.3813195687906229,3.534808661231747,ACH-001336,PR-JLQFYB,oui
ACH-001338,0.1768518729709494,4.767654798237347,ACH-001338,PR-7HBZQC,non
ACH-001340,0.1092898371325985,4.823749360308272,ACH-001340,PR-XCLAFP,oui
ACH-001341,0.2010512318003922,3.788685710613534,ACH-001341,PR-F6K6D2,oui
ACH-001341,0.2010512318003922,3.788685710613534,ACH-001341,PR-AHPQJT,oui
ACH-001344,1.9696927327267648,1.1043366598147355,ACH-001344,PR-YYLPHD,oui
ACH-001344,1.9696927327267648,1.1043366598147355,ACH-001344,PR-6NQWFB,oui
ACH-001345,0.7713277752557344,4.791814071161826,ACH-001345,PR-ONFVPL,non
ACH-001345,0.7713277752557344,4.791814071161826,ACH-001345,PR-URPBYX,non
ACH-001346,0.056308000453146,4.7300964655954685,ACH-001346,PR-PSGRJS,oui
ACH-001347,-0.1694299309436229,2.211012193485512,ACH-001347,PR-72XNET,oui
ACH-001353,0.19323264022452,2.389566811762726,ACH-001353,PR-DSHKXO,oui
ACH-001354,-0.0183380293879266,5.1081062236861285,ACH-001354,PR-IMDM0O,oui
ACH-001356,0.2147014358346268,4.498250867527825,ACH-001356,PR-3BKIQE,oui
ACH-001360,0.1011889808927319,4.939226577728209,ACH-001360,PR-97JLE2,oui
ACH-001360,0.1011889808927319,4.939226577728209,ACH-001360,PR-5WB7KT,oui
ACH-001366,0.4457668243384961,4.308885057411763,ACH-001366,PR-KXSMMS,non
ACH-001366,0.4457668243384961,4.308885057411763,ACH-001366,PR-LZHDZW,non
ACH-001368,0.071376560776325,4.388878338811989,ACH-001368,PR-8RS4MB,non
ACH-001374,0.7272929317383862,5.327687364176047,ACH-001374,PR-MLYZV5,non
ACH-001374,0.7272929317383862,5.327687364176047,ACH-001374,PR-RPURMP,non
ACH-001375,0.1751361936850634,4.951867504326902,ACH-001375,PR-ZUGX91,oui
ACH-001379,0.0191363756457989,3.0143552929770703,ACH-001379,PR-W05ZUE,non
ACH-001380,-0.0538362917930469,3.5160151470036647,ACH-001380,PR-FOPC2W,oui
ACH-001382,0.2570326884268677,3.5619370596224327,ACH-001382,PR-DVNPCJ,oui
ACH-001385,1.1697172096728607,2.526068811667588,ACH-001385,PR-3QH8QX,non
ACH-001385,1.1697172096728607,2.526068811667588,ACH-001385,PR-UXMCAY,non
ACH-001386,0.108782339698073,4.522934560943456,ACH-001386,PR-I4D3AH,oui
ACH-001388,0.4166451510296849,0.0285691521967709,ACH-001388,PR-VCENAZ,non
ACH-001389,0.014291727617484,3.889473542531109,ACH-001389,PR-B8SPOH,oui
ACH-001390,0.162998609768077,4.266786540694901,ACH-001390,PR-LCCVHB,oui
ACH-001391,0.1165308151288026,4.173127433480656,ACH-001391,PR-3LYZXW,non
ACH-001394,-0.1013251407256591,3.320484678017693,ACH-001394,PR-QL2TEI,oui
ACH-001396,-0.019862237816051,3.9439213265534856,ACH-001396,PR-VP9GO6,oui
ACH-001398,1.9619671037739217,3.76659516172927,ACH-001398,PR-GLQZO0,oui
ACH-001398,1.9619671037739217,3.76659516172927,ACH-001398,PR-Z7RHS2,oui
ACH-001400,0.2893016790529247,1.6825732973475784,ACH-001400,PR-FWYSYD,oui
ACH-001402,0.0017757874128419,3.456806149230474,ACH-001402,PR-73LP4X,oui
ACH-001402,0.0017757874128419,3.456806149230474,ACH-001402,PR-XPIRTJ,oui
ACH-001403,-0.1540313782207778,3.001802242633985,ACH-001403,PR-YB94MW,oui
ACH-001409,0.2060403541096712,4.70984201927331,ACH-001409,PR-C8MUZJ,oui
ACH-001411,0.0675417794530506,4.043519493662743,ACH-001411,PR-NAG97A,oui
ACH-001412,0.201043985812169,5.322288723570877,ACH-001412,PR-V47XOC,oui
ACH-001413,0.4885622129102868,4.514122260170708,ACH-001413,PR-NHQDYH,oui
ACH-001415,0.0023699968051724,3.77082904603249,ACH-001415,PR-SKOEYK,oui
ACH-001416,-0.1514187618395306,4.844486087757799,ACH-001416,PR-FK9BDE,oui
ACH-001418,0.1880406104638817,3.9439213265534856,ACH-001418,PR-2BDZSY,oui
ACH-001419,0.1279167572123216,4.433627167084783,ACH-001419,PR-IQCPCQ,oui
ACH-001421,0.2559935420866299,4.743084055549586,ACH-001421,PR-3HOBZR,non
ACH-001421,0.2559935420866299,4.743084055549586,ACH-001421,PR-CFJNVC,non
ACH-001422,0.2994539034022473,3.4449320489421824,ACH-001422,PR-MUPA85,non
ACH-001422,0.2994539034022473,3.4449320489421824,ACH-001422,PR-SNFLEG,non
ACH-001430,0.8252818050073356,4.522306892871389,ACH-001430,PR-OOIKJ2,non
ACH-001430,0.8252818050073356,4.522306892871389,ACH-001430,PR-QIEHVF,non
ACH-001431,0.5998740848843498,4.420886574975532,ACH-001431,PR-BLZ2PD,non
ACH-001433,0.1625620639129575,3.840966704487421,ACH-001433,PR-FXLYEJ,oui
ACH-001433,0.1625620639129575,3.840966704487421,ACH-001433,PR-IRQ2CE,oui
ACH-001442,0.0251115309468845,3.513490745588118,ACH-001442,PR-H8BZUB,non
ACH-001443,-0.0674855790029122,3.125981653854716,ACH-001443,PR-ZNWNZC,oui
ACH-001450,0.50917149722302,4.864433796365624,ACH-001450,PR-VQAOGS,non
ACH-001451,0.3036855743017502,3.673556423990145,ACH-001451,PR-B45WGM,non
ACH-001453,-0.0018357889336064,4.93969674069176,ACH-001453,PR-3HQUEC,oui
ACH-001453,-0.0018357889336064,4.93969674069176,ACH-001453,PR-3X4RI2,oui
ACH-001454,0.7421508639051595,3.953265239014844,ACH-001454,PR-KVICAQ,oui
ACH-001458,-0.0246084239617344,3.658782734012828,ACH-001458,PR-3RMUPJ,oui
ACH-001459,0.2906064183610755,3.426264754702098,ACH-001459,PR-MXR4UW,oui
ACH-001460,-0.0745384114789731,3.983677694698067,ACH-001460,PR-NTPVWY,oui
ACH-001461,0.5343188708638433,4.095924419998536,ACH-001461,PR-C0LZLL,non
ACH-001484,0.1618790415986356,3.645009884391095,ACH-001484,PR-EEUZCY,non
ACH-001485,0.6227899409383671,3.463360885816658,ACH-001485,PR-KH1IW2,oui
ACH-001494,0.0926460787877733,1.4489009511451278,ACH-001494,PR-FGHIYF,oui
ACH-001494,0.0926460787877733,1.4489009511451278,ACH-001494,PR-MLVO5C,oui
ACH-001495,0.2144258760771493,3.604071323668861,ACH-001495,PR-N61LPQ,non
ACH-001496,0.0652840984918961,4.848998430400023,ACH-001496,PR-NGBWBM,non
ACH-001496,0.0652840984918961,4.848998430400023,ACH-001496,PR-Y29POB,oui
ACH-001498,0.3922429264447416,4.661635602335959,ACH-001498,PR-AJQNPQ,non
ACH-001498,0.3922429264447416,4.661635602335959,ACH-001498,PR-FTDCQS,non
ACH-001500,-0.1308774423517563,4.339137384919585,ACH-001500,PR-WGZFUJ,non
ACH-001500,-0.1308774423517563,4.339137384919585,ACH-001500,PR-EUFOVK,non
ACH-001509,0.0267804236061991,2.286881147788161,ACH-001509,PR-JL0LWF,oui
ACH-001509,0.0267804236061991,2.286881147788161,ACH-001509,PR-QFAETC,oui
ACH-001510,0.1275123136553323,1.9523335663696857,ACH-001510,PR-YAZQZR,oui
ACH-001511,0.1399382258071775,3.6915341649192,ACH-001511,PR-XXRN4L,oui
ACH-001513,0.1289928008695858,2.8579809951275723,ACH-001513,PR-B6SUFY,oui
ACH-001515,0.0521039922202235,4.915042791371977,ACH-001515,PR-KZ3B24,oui
ACH-001517,0.0663609138025217,3.992768430768924,ACH-001517,PR-EUQ6MV,oui
ACH-001517,0.0663609138025217,3.992768430768924,ACH-001517,PR-GWLX0F,oui
ACH-001520,0.3284907660448064,2.9708536543404835,ACH-001520,PR-IJVMY8,non
ACH-001521,0.0412222434221839,4.963936452144486,ACH-001521,PR-DU5OV4,oui
ACH-001522,0.9060946086278712,2.6915341649192,ACH-001522,PR-H4AEGM,oui
ACH-001523,0.1941178648883691,3.021479727410452,ACH-001523,PR-KFDIWY,oui
ACH-001524,0.0341618073755326,1.765534746362977,ACH-001524,PR-MH1G4K,oui
ACH-001525,-0.1078488603435136,3.0942360698457656,ACH-001525,PR-UT5BUO,oui
ACH-001525,-0.1078488603435136,3.0942360698457656,ACH-001525,PR-C54KUC,oui
ACH-001526,0.3250266107650156,3.820689560559215,ACH-001526,PR-ICOCDO,oui
ACH-001526,0.3250266107650156,3.820689560559215,ACH-001526,PR-JMZ6WX,oui
ACH-001528,0.7274552235907329,3.552131108253784,ACH-001528,PR-AAAPDO,non
ACH-001528,0.7274552235907329,3.552131108253784,ACH-001528,PR-QRSGIF,non
ACH-001529,0.4922605765636743,5.021479727410452,ACH-001529,PR-WXJYA3,oui
ACH-001529,0.4922605765636743,5.021479727410452,ACH-001529,PR-IKAQM8,oui
ACH-001530,1.2626440507299643,4.907371413823563,ACH-001530,PR-MXKNSQ,oui
ACH-001530,1.2626440507299643,4.907371413823563,ACH-001530,PR-SDXRYF,oui
ACH-001532,1.3999077801166866,3.351910961103077,ACH-001532,PR-86RNAG,non
ACH-001533,0.5455754211085166,2.879705766282288,ACH-001533,PR-OJIBMY,non
ACH-001536,0.7782777436587602,1.3950627995175775,ACH-001536,PR-C2QHXS,oui
ACH-001539,0.1728157055082291,3.20006486151431,ACH-001539,PR-PAJIGV,non
ACH-001542,-0.0914130245157263,3.465974464504069,ACH-001542,PR-ENZ3C5,oui
ACH-001542,-0.0914130245157263,3.465974464504069,ACH-001542,PR-5QJXB3,oui
ACH-001543,0.2171295309415852,3.2764966656403565,ACH-001543,PR-VWDCKV,oui
ACH-001543,0.2171295309415852,3.2764966656403565,ACH-001543,PR-CLUBZA,oui
ACH-001543,0.2171295309415852,3.2764966656403565,ACH-001543,PR-WCP4NG,oui
ACH-001547,0.7021447399997283,3.634593268445757,ACH-001547,PR-HULLE6,non
ACH-001547,0.7021447399997283,3.634593268445757,ACH-001547,PR-W45AIP,oui
ACH-001548,0.5765163827392522,4.638653116466112,ACH-001548,PR-TTXMT7,non
ACH-001549,0.1145050292456064,5.320845667645722,ACH-001549,PR-OBCI54,oui
ACH-001549,0.1145050292456064,5.320845667645722,ACH-001549,PR-W7XF5V,oui
ACH-001550,0.0307559473555097,4.012568673503056,ACH-001550,PR-68UOMH,non
ACH-001551,-0.0732467892053764,2.821710215034674,ACH-001551,PR-EBZW7K,oui
ACH-001552,0.1378577632359398,3.710393192170516,ACH-001552,PR-ZQNXIV,oui
ACH-001554,0.6155171247670599,4.646738698307846,ACH-001554,PR-YMHRIY,non
ACH-001555,1.2902045376503792,0.9708536543404837,ACH-001555,PR-5KV6HR,oui
ACH-001556,0.1434626041012399,4.631104282365877,ACH-001556,PR-WDOZJQ,oui
ACH-001557,0.4776505892324049,4.413458688007979,ACH-001557,PR-RAUMVV,oui
ACH-001558,1.5586529090905077,2.6870606883398924,ACH-001558,PR-HD4XG6,oui
ACH-001559,0.0151752402088187,4.663913842115978,ACH-001559,PR-YMF7FS,oui
ACH-001560,1.9383215485827745,2.1602748314085933,ACH-001560,PR-BGI14B,oui
ACH-001560,1.9383215485827745,2.1602748314085933,ACH-001560,PR-IXXP7W,oui
ACH-001562,1.3743352648859195,1.7398481026993275,ACH-001562,PR-WM23SM,non
ACH-001563,1.201185693324419,4.7938958825488776,ACH-001563,PR-FX9KEA,oui
ACH-001566,1.17999295959294,3.997292407636508,ACH-001566,PR-XFXYXC,oui
ACH-001567,0.9514646147237458,3.927896453728821,ACH-001567,PR-CHUO0L,oui
ACH-001568,-0.1301628397047626,2.27500704749987,ACH-001568,PR-CMDO3Z,oui
ACH-001570,0.5134498567069639,3.963474123974886,ACH-001570,PR-PP13NB,non
ACH-001574,0.9104652233646116,3.503348735167504,ACH-001574,PR-RAAEHK,non
ACH-001574,0.9104652233646116,3.503348735167504,ACH-001574,PR-TN3ABR,non
ACH-001577,0.0690596177466826,5.074248523347032,ACH-001577,PR-AQBSZU,oui
ACH-001577,0.0690596177466826,5.074248523347032,ACH-001577,PR-URJRTK,oui
ACH-001607,0.0763878012211021,3.4841381312016693,ACH-001607,PR-QMUIGJ,oui
ACH-001608,-0.096466072102043,3.475084882948783,ACH-001608,PR-PM4VVX,oui
ACH-001608,-0.096466072102043,3.475084882948783,ACH-001608,PR-QNFUCG,oui
ACH-001609,0.1263046325094906,3.6507645591169022,ACH-001609,PR-K9BI2I,oui
ACH-001609,0.1263046325094906,3.6507645591169022,ACH-001609,PR-N0X0YD,oui
ACH-001610,0.0098898180603957,5.004950759951045,ACH-001610,PR-B0REXL,oui
ACH-001610,0.0098898180603957,5.004950759951045,ACH-001610,PR-EJPCTI,oui
ACH-001611,0.1409532761186474,4.7938958825488776,ACH-001611,PR-M2CFGE,oui
ACH-001616,0.6442468635771245,2.541019153133559,ACH-001616,PR-WCF7PR,non
ACH-001618,0.3003209983518011,3.9231491804723087,ACH-001618,PR-CAQ8KN,non
ACH-001618,0.3003209983518011,3.9231491804723087,ACH-001618,PR-YJBSTR,non
ACH-001619,0.5921073434317576,2.859969548221026,ACH-001619,PR-KOBSRV,oui
ACH-001619,0.5921073434317576,2.859969548221026,ACH-001619,PR-U5LGMV,oui
ACH-001622,0.354644132485185,2.277984747299765,ACH-001622,PR-XICKV7,oui
ACH-001623,0.1793338167613912,4.689858236319245,ACH-001623,PR-NH0OBA,oui
ACH-001624,1.2733615550032098,3.6229303509201767,ACH-001624,PR-GRIMJN,oui
ACH-001627,0.1472543292047929,3.1391420191456887,ACH-001627,PR-5VQHPI,non
ACH-001628,-0.0467921682940619,4.195347598322219,ACH-001628,PR-S2KRK3,oui
ACH-001630,0.1385375995225377,4.704871964456353,ACH-001630,PR-VCLQ4K,oui
ACH-001634,0.535661338242003,3.2016338611696504,ACH-001634,PR-IFMZ87,non
ACH-001641,0.1891960277565417,5.256255873202732,ACH-001641,PR-FSMUOK,oui
ACH-001641,0.1891960277565417,5.256255873202732,ACH-001641,PR-QJMKZG,oui
ACH-001645,1.023799059472572,2.333423733725192,ACH-001645,PR-XHNUX5,oui
ACH-001647,0.2067078302664373,4.4535175792154975,ACH-001647,PR-VUT2EV,non
ACH-001647,0.2067078302664373,4.4535175792154975,ACH-001647,PR-WKTDPU,non
ACH-001648,0.1055470362737214,2.8698714061777126,ACH-001648,PR-VNMZQB,non
ACH-001649,0.1376753624832086,2.895302621333306,ACH-001649,PR-GKWC1O,non
ACH-001650,0.3411616969565857,4.169123281476757,ACH-001650,PR-6QUWNX,oui
ACH-001651,0.1825069735593137,3.654206377944292,ACH-001651,PR-EHVOVZ,oui
ACH-001652,0.2442337727911395,3.91169158187234,ACH-001652,PR-E4KGLT,oui
ACH-001653,0.1582730743935192,2.7070829917717063,ACH-001653,PR-ZWYHNL,oui
ACH-001654,0.0995626160324342,4.183486514459391,ACH-001654,PR-KYV614,non
ACH-001654,0.0995626160324342,4.183486514459391,ACH-001654,PR-NXSV8U,oui
ACH-001655,0.2169250359779048,3.499527024215096,ACH-001655,PR-MGDSQT,oui
ACH-001656,0.1516692363566247,4.678635347822744,ACH-001656,PR-8Z4M6I,non
ACH-001664,0.6952931795363602,4.527320607877047,ACH-001664,PR-AHHBB9,non
ACH-001668,2.071924889243887,3.307428525192248,ACH-001668,PR-GFHHWS,non
ACH-001668,2.071924889243887,3.307428525192248,ACH-001668,PR-Q4CSMV,non
ACH-001669,0.2289085284720204,6.023255352300303,ACH-001669,PR-DUGN3L,non
ACH-001670,-0.0046907883553899,4.266786540694901,ACH-001670,PR-A6IDPC,oui
ACH-001670,-0.0046907883553899,4.266786540694901,ACH-001670,PR-I4S165,oui
ACH-001673,0.1177491984809331,4.974529312483882,ACH-001673,PR-LZNIHF,oui
ACH-001674,0.0678247218537077,4.726286289720674,ACH-001674,PR-8PPFPX,oui
ACH-001674,0.0678247218537077,4.726286289720674,ACH-001674,PR-QEHJNE,oui
ACH-001677,0.5595252267340285,4.751677945687579,ACH-001677,PR-ESFOQB,non
ACH-001677,0.5595252267340285,4.751677945687579,ACH-001677,PR-WQCPUW,oui
ACH-001685,0.6434986535094029,3.527320607877047,ACH-001685,PR-K3ZX9W,non
ACH-001685,0.6434986535094029,3.527320607877047,ACH-001685,PR-KUOZY5,non
ACH-001687,0.8617034185400021,0.4329594072761063,ACH-001687,PR-7AVMJR,oui
ACH-001690,0.1932590168580172,3.341985747228616,ACH-001690,PR-LWHRTX,oui
ACH-001692,0.2401780975631124,3.249445341085839,ACH-001692,PR-ICR9H9,oui
ACH-001694,0.0038496944280251,2.62993940943954,ACH-001694,PR-2AE0KB,non
ACH-001694,0.0038496944280251,2.62993940943954,ACH-001694,PR-FXAJ7U,non
ACH-001696,0.0220599999362235,0.5160151470036647,ACH-001696,PR-GSPEEV,oui
ACH-001696,0.0220599999362235,0.5160151470036647,ACH-001696,PR-ZLVAQE,oui
ACH-001698,0.0165917486203309,1.82781902461732,ACH-001698,PR-XHTV3P,oui
ACH-001699,0.0837007027337947,4.433627167084783,ACH-001699,PR-CIS47B,oui
ACH-001699,0.0837007027337947,4.433627167084783,ACH-001699,PR-KDIC2F,oui
ACH-001701,-0.0718315865370369,1.6507645591169022,ACH-001701,PR-RF0POO,oui
ACH-001702,1.3689626705504108,3.5993177936982264,ACH-001702,PR-C6KPQY,oui
ACH-001702,1.3689626705504108,3.5993177936982264,ACH-001702,PR-VFX2J4,oui
ACH-001702,1.3689626705504108,3.5993177936982264,ACH-001702,PR-CJTKUS,oui
ACH-001707,0.6327441836474541,2.833902076669163,ACH-001707,PR-3JQSYT,oui
ACH-001707,0.6327441836474541,2.833902076669163,ACH-001707,PR-G4NBWV,oui
ACH-001711,0.4120520352834445,4.34766565630097,ACH-001711,PR-V6ASUR,oui
ACH-001711,0.4120520352834445,4.34766565630097,ACH-001711,PR-IW3ULU,oui
ACH-001711,0.4120520352834445,4.34766565630097,ACH-001711,PR-RUVMIM,oui
ACH-001715,-0.1279629525055901,3.769771739249448,ACH-001715,PR-TAYUKT,oui
ACH-001715,-0.1279629525055901,3.769771739249448,ACH-001715,PR-ORNAXC,oui
ACH-001715,-0.1279629525055901,3.769771739249448,ACH-001715,PR-SI5YJT,oui
ACH-001735,-0.021725848944216,5.130930869826448,ACH-001735,PR-9ULYSF,non
ACH-001735,-0.021725848944216,5.130930869826448,ACH-001735,PR-MCQ0ME,non
ACH-001736,0.219338000077812,4.59215800212536,ACH-001736,PR-GON0KN,non
ACH-001736,0.219338000077812,4.59215800212536,ACH-001736,PR-UERISP,non
ACH-001737,0.3705882396977312,5.289465630958221,ACH-001737,PR-OA5YYX,non
ACH-001737,0.3705882396977312,5.289465630958221,ACH-001737,PR-RG1VGI,non
ACH-001740,0.4424401288751253,7.088417250147509,ACH-001740,PR-3VWKEJ,oui
ACH-001740,0.4424401288751253,7.088417250147509,ACH-001740,PR-SVOJGW,oui
ACH-001745,0.2830132530032561,5.625854931368057,ACH-001745,PR-ITQAF5,oui
ACH-001745,0.2830132530032561,5.625854931368057,ACH-001745,PR-PUVNFT,oui
ACH-001750,-0.2739247663233459,3.91456452349394,ACH-001750,PR-G46D6E,oui
ACH-001750,-0.2739247663233459,3.91456452349394,ACH-001750,PR-TYIACC,oui
ACH-001765,-0.0460781633362745,5.377470842849648,ACH-001765,PR-1YNVXD,oui
ACH-001765,-0.0460781633362745,5.377470842849648,ACH-001765,PR-O238FK,oui
ACH-001786,0.550072814939008,3.682573297347578,ACH-001786,PR-DIOH1A,oui
ACH-001791,0.5758314686458679,2.2539892662307865,ACH-001791,PR-OSA1XV,oui
ACH-001793,0.8821919682860488,3.62760683812965,ACH-001793,PR-PPIF7Y,oui
ACH-001794,0.4105047145661682,4.009884588931844,ACH-001794,PR-FLWBPL,oui
ACH-001795,0.991592517823712,4.698218478224414,ACH-001795,PR-L7L0JX,oui
ACH-001796,0.9679018743786468,4.715344295358907,ACH-001796,PR-YZWRBZ,oui
ACH-001799,1.315752947149281,5.072105800480419,ACH-001799,PR-LOACG9,oui
ACH-001802,0.8745692857764094,2.5921580021253603,ACH-001802,PR-JBP3GW,oui
ACH-001814,0.0476593527747881,3.564378168565064,ACH-001814,PR-QOXOEW,oui
ACH-001814,0.0476593527747881,3.564378168565064,ACH-001814,PR-YAMU3O,oui
ACH-001819,0.1911028243464822,5.3826672527450405,ACH-001819,PR-EJKW7S,oui
ACH-001819,0.1911028243464822,5.3826672527450405,ACH-001819,PR-FOPNJU,oui
ACH-001834,0.1230242914832056,3.257010618206024,ACH-001834,PR-PQYD89,oui
ACH-001835,0.0440100991332054,2.4276061727818994,ACH-001835,PR-8NHMR6,oui
ACH-001838,0.1708175599934781,2.1538053360790355,ACH-001838,PR-9LHDQW,oui
ACH-001839,0.8011739375295913,4.285402218862249,ACH-001839,PR-R8H4NA,oui
ACH-001842,0.0350721430245594,3.341985747228616,ACH-001842,PR-HV4OKR,oui
ACH-001844,-0.0472560781501671,3.7224660244710894,ACH-001844,PR-LZKBAA,oui
ACH-001848,1.3299013713740089,3.84799690655495,ACH-001848,PR-Q9IPON,oui
ACH-001849,0.1842412227154156,2.7070829917717063,ACH-001849,PR-IJGOEC,non
ACH-001850,0.1225179949972679,4.770300489499416,ACH-001850,PR-RBRFAT,oui
ACH-001853,0.3748946997266709,3.9717734471933728,ACH-001853,PR-76UU6D,oui
ACH-001861,0.1666688335047221,3.588564737401352,ACH-001861,PR-URSIZP,oui
ACH-001861,0.1666688335047221,3.588564737401352,ACH-001861,PR-KNQIKU,oui
ACH-001862,0.0326134134216122,3.5570424152637194,ACH-001862,PR-AOMFGH,oui
ACH-001863,0.1262814449816545,4.28835856219366,ACH-001863,PR-FHSUPC,oui
ACH-001863,0.1262814449816545,4.28835856219366,ACH-001863,PR-NBQUIU,oui
ACH-001864,0.1340877916108852,2.849999259466098,ACH-001864,PR-D0LSRO,oui
ACH-001959,0.0529836543861228,4.817623257511431,ACH-001959,PR-C67EEP,non
ACH-001960,0.0996469710074494,4.864433796365624,ACH-001960,PR-RCGIQH,oui
ACH-001973,0.0126970745077434,4.026800059343715,ACH-001973,PR-BS4ECD,non
ACH-001977,0.8669579422377448,4.571676809970931,ACH-001977,PR-STH0JD,oui
ACH-001982,1.4107336012419185,2.6622054996536164,ACH-001982,PR-7LKEQG,oui
ACH-001991,0.8487378385743096,5.339850002884624,ACH-001991,PR-RSC97T,non
ACH-001992,0.0601125924755473,4.1026581313637385,ACH-001992,PR-MYUOXB,oui
ACH-001993,0.0506680766480709,5.230741002626909,ACH-001993,PR-X4UOUK,oui
ACH-001993,0.0506680766480709,5.230741002626909,ACH-001993,PR-YJY61F,oui
ACH-001997,0.0330173650032104,4.05484847699562,ACH-001997,PR-QQ2HV2,oui
ACH-001999,0.0820098523704156,1.978195629681652,ACH-001999,PR-FUJCBY,oui
ACH-002001,0.4847256736989288,3.726831217032493,ACH-002001,PR-JIUFD2,oui
ACH-002001,0.4847256736989288,3.726831217032493,ACH-002001,PR-WHVVGL,oui
ACH-002002,0.5480608805899616,3.4195388915137843,ACH-002002,PR-BQHOCB,oui
ACH-002002,0.5480608805899616,3.4195388915137843,ACH-002002,PR-HCLMO0,oui
ACH-002003,0.6604523635477192,3.250961573533219,ACH-002003,PR-D2UH9W,oui
ACH-002003,0.6604523635477192,3.250961573533219,ACH-002003,PR-Q546SG,oui
ACH-002004,1.8298623367225548,1.6825732973475784,ACH-002004,PR-HVLDOR,oui
ACH-002004,1.8298623367225548,1.6825732973475784,ACH-002004,PR-RBR1AC,oui
ACH-002005,0.3580209650911913,4.093391153253013,ACH-002005,PR-M8QILE,oui
ACH-002005,0.3580209650911913,4.093391153253013,ACH-002005,PR-RETQRG,oui
ACH-002015,1.3075330271095047,2.771885578515366,ACH-002015,PR-0WKCVS,non
ACH-002015,1.3075330271095047,2.771885578515366,ACH-002015,PR-P6CGNJ,oui
ACH-002016,1.8196832245230736,3.5897634869849773,ACH-002016,PR-BWKMSQ,non
ACH-002016,1.8196832245230736,3.5897634869849773,ACH-002016,PR-GOGH6X,non
ACH-002017,1.3664763026254858,3.8609627978581167,ACH-002017,PR-DNUHXL,oui
ACH-002017,1.3664763026254858,3.8609627978581167,ACH-002017,PR-MSUNNO,oui
ACH-002018,0.8622516416746662,4.714245517666122,ACH-002018,PR-UN6QIJ,oui
ACH-002019,0.2023746571639234,4.303050084681673,ACH-002019,PR-OMDY4S,non
ACH-002019,0.2023746571639234,4.303050084681673,ACH-002019,PR-P0FCRJ,non
ACH-002021,0.4655065110446375,4.8594726668519375,ACH-002021,PR-CEQZPN,oui
ACH-002021,0.4655065110446375,4.8594726668519375,ACH-002021,PR-WMFTQZ,oui
ACH-002023,0.1021246242664103,4.531069492725954,ACH-002023,PR-1EXPUW,oui
ACH-002023,0.1021246242664103,4.531069492725954,ACH-002023,PR-SE0XKO,oui
ACH-002024,0.2610968950070402,3.834913429701039,ACH-002024,PR-KO7QOP,oui
ACH-002024,0.2610968950070402,3.834913429701039,ACH-002024,PR-ZDRL57,oui
ACH-002025,0.2106081818604042,4.238022517825721,ACH-002025,PR-SRCKFL,oui
ACH-002026,0.6098391832187648,4.66732447027863,ACH-002026,PR-E7TFAW,non
ACH-002026,0.6098391832187648,4.66732447027863,ACH-002026,PR-QFOEGU,non
ACH-002027,0.8269554489123653,2.211012193485512,ACH-002027,PR-Y6KPLY,non
ACH-002027,0.8269554489123653,2.211012193485512,ACH-002027,PR-YAM0FC,oui
ACH-002029,-0.0643619436699888,4.467279480459983,ACH-002029,PR-GNBXWA,oui
ACH-002029,-0.0643619436699888,4.467279480459983,ACH-002029,PR-DLGFN8,oui
ACH-002039,-0.0427055641607271,4.574707046415546,ACH-002039,PR-8VEXZS,oui
ACH-002039,-0.0427055641607271,4.574707046415546,ACH-002039,PR-TVQEZI,oui
ACH-002041,0.0467676536926511,2.0874628412503395,ACH-002041,PR-9DU2DR,oui
ACH-002041,0.0467676536926511,2.0874628412503395,ACH-002041,PR-GMFFYV,oui
ACH-002042,0.4452202691513844,1.978195629681652,ACH-002042,PR-0SYHCO,oui
ACH-002042,0.4452202691513844,1.978195629681652,ACH-002042,PR-VU9WTS,oui
ACH-002044,0.0720570556951982,5.034743949324734,ACH-002044,PR-BLWAZJ,oui
ACH-002045,0.2164507535195529,4.710944154575872,ACH-002045,PR-N8ZQUE,oui
ACH-002045,0.2164507535195529,4.710944154575872,ACH-002045,PR-OBSFCE,oui
ACH-002046,0.0801100402566559,4.926473911256073,ACH-002046,PR-PHRBN2,oui
ACH-002046,0.0801100402566559,4.926473911256073,ACH-002046,PR-XYDG5I,oui
ACH-002048,0.3389373308345322,4.314696525656286,ACH-002048,PR-7BX1TR,non
ACH-002048,0.3389373308345322,4.314696525656286,ACH-002048,PR-LZHV7K,non
ACH-002055,0.1412596524285731,2.1009776477248208,ACH-002055,PR-GTA1IS,non
ACH-002059,0.5682221615871169,6.133193598664106,ACH-002059,PR-LZFWUL,non
ACH-002059,0.5682221615871169,6.133193598664106,ACH-002059,PR-WKUUI6,non
ACH-002059,0.5682221615871169,6.133193598664106,ACH-002059,PR-WUU6ZZ,non
ACH-002062,0.9954650889978768,4.0557162635125446,ACH-002062,PR-5UQTAM,oui
ACH-002062,0.9954650889978768,4.0557162635125446,ACH-002062,PR-9K1GZV,oui
ACH-002062,0.9954650889978768,4.0557162635125446,ACH-002062,PR-BQT58Y,oui
ACH-002066,-0.108742084927643,3.887525270741588,ACH-002066,PR-GTHZ6F,oui
ACH-002067,0.5212751950435361,4.888499735514123,ACH-002067,PR-ULV4SS,oui
ACH-002067,0.5212751950435361,4.888499735514123,ACH-002067,PR-GWI1RK,oui
ACH-002069,0.3672607039902048,4.072105800480419,ACH-002069,PR-FPV3PW,oui
ACH-002084,0.8456149155636061,4.535430914871279,ACH-002084,PR-XYIBD5,oui
ACH-002446,0.1734325770150632,3.9541963103868754,ACH-002446,PR-CIG8EL,oui
ACH-002446,0.1734325770150632,3.9541963103868754,ACH-002446,PR-H1MJSV,oui
ACH-002458,0.958466171465191,2.8011586560936985,ACH-002458,PR-FL0SBB,oui
ACH-002459,1.121478653005619,2.2448870591235344,ACH-002459,PR-WIWH9F,oui
ACH-002460,0.7241855006649948,2.811471030529836,ACH-002460,PR-WZXIVP,oui
ACH-002461,0.0315315954743464,2.565597175854225,ACH-002461,PR-EK1C8R,oui
ACH-002462,1.6107692065701582,4.537296067090842,ACH-002462,PR-GT62ZV,non
ACH-002463,1.2045169000299931,2.881664619320345,ACH-002463,PR-JIMVDF,non
ACH-002463,1.2045169000299931,2.881664619320345,ACH-002463,PR-YF6HXD,non
ACH-002464,2.8013734133165067,4.150559676575382,ACH-002464,PR-G5QF67,non
ACH-002464,2.8013734133165067,4.150559676575382,ACH-002464,PR-ZGVGVP,non
ACH-002465,1.5898175861266386,3.787641414483326,ACH-002465,PR-VCDH0U,non
ACH-002467,1.8718975709299768,4.033863451866284,ACH-002467,PR-SOFYL7,non
ACH-002508,0.1353782658115611,3.2735158897021166,ACH-002508,PR-NIUGZV,oui
ACH-002508,0.1353782658115611,3.2735158897021166,ACH-002508,PR-WEIQI3,oui
ACH-002510,1.3278979609660444,2.140778655782796,ACH-002510,PR-48LLTM,oui
ACH-002510,1.3278979609660444,2.140778655782796,ACH-002510,PR-RKEOIE,oui
ACH-002511,0.2085323487262173,3.9001422603598166,ACH-002511,PR-BPGRFV,oui
ACH-002511,0.2085323487262173,3.9001422603598166,ACH-002511,PR-NZBO9W,oui
ACH-002647,1.309701094677412,3.881664619320345,ACH-002647,PR-LSXDRW,oui
ACH-002659,-0.0812947183859846,4.224194663970433,ACH-002659,PR-AQQ8JE,oui
ACH-002664,-0.5342551897051938,4.945794956740061,ACH-002664,PR-B3YKAJ,oui
ACH-002669,0.179894880079462,3.14893410452634,ACH-002669,PR-OWDWEY,oui
ACH-002680,0.0908697585639843,2.503348735167504,ACH-002680,PR-S1ACQE,oui
ACH-002687,1.7005004378819006,3.1391420191456887,ACH-002687,PR-ALQ0YT,oui
ACH-002710,0.1098351114157185,3.4369613378336026,ACH-002710,PR-Y3WQWW,oui
ACH-002785,0.3674226982580401,5.37364821133469,ACH-002785,PR-SR52JX,oui
ACH-002800,-0.0021820273739813,3.319039815562536,ACH-002800,PR-GJNN57,oui
ACH-002847,1.7135420606230214,4.275007047499869,ACH-002847,PR-IOB78F,oui
ACH-002926,1.6624300328569388,2.877744249949002,ACH-002926,PR-BDHY8L,oui
